user_id,problem_id,skill_name,correct,correct_predictions,state_predictions
0,309,41,0,0.06082026690642309,7.839118864018528e-31
0,253,41,0,0.06082107962790918,5.0305019748422705e-05
0,139,41,0,0.06082187832938184,9.974224276075534e-05
0,462,41,0,0.060822663254042834,0.0001483267224971102
0,57,41,1,0.060823434640829274,0.00019607324844619353
0,232,41,0,0.060825088406768466,0.0002984363945594266
0,360,41,0,0.06082581797423018,0.00034359442987276614
0,309,41,0,0.06082653496344163,0.0003879739092621923
0,462,41,0,0.06082723959234591,0.00043158832274985977
0,28,41,0,0.06082793207507278,0.00047445092432640823
0,181,41,0,0.06082861262200675,0.0005165747361587191
0,13,41,0,0.06082928143985366,0.000557972552720016
0,83,41,0,0.06082993873170631,0.000598656944843833
0,312,41,0,0.06083058469710866,0.0006386402637033367
0,172,41,0,0.060831219532119014,0.0006779346447174623
0,427,41,0,0.06083184342937191,0.0007165520113852874
0,312,41,0,0.06083245657813891,0.0007545040790500411
0,360,41,0,0.06083305916438839,0.0007918023585941123
0,360,41,0,0.06083365137084403,0.0008284581600663958
4,410,41,0,0.06082026690642309,9.49203825885882e-22
4,272,41,0,0.06082107962790918,5.0305019748422705e-05
4,456,41,0,0.06082187832938184,9.974224276075534e-05
4,281,41,0,0.060822663254042834,0.0001483267224971102
4,232,41,0,0.060823434640829274,0.00019607324844619353
4,151,41,0,0.0608241927244899,0.0002429963508509966
4,401,41,0,0.06082493773566005,0.00028911030534660567
4,281,41,0,0.06082566990093521,0.00033442913751187517
4,40,41,0,0.0608263894429431,0.0003789666273366699
4,145,41,0,0.06082709658041465,0.0004227363136063454
4,456,41,0,0.06082779152825339,0.0004657514982050975
4,139,41,1,0.06082847449760376,0.0005080252503397804
4,281,41,0,0.06083146550238888,0.0006931594658829711
4,310,41,0,0.06083208516197499,0.0007315145337010059
5,53,41,0,0.06082026690642309,1.2093462044397398e-26
5,189,41,0,0.06082107962790918,5.0305019748422705e-05
5,83,41,0,0.06082187832938184,9.974224276075534e-05
5,189,41,0,0.060822663254042834,0.0001483267224971102
5,309,41,0,0.060823434640829274,0.00019607324844619353
5,427,41,1,0.0608241927244899,0.0002429963508509966
5,57,41,0,0.06082604770234537,0.0003578139104320662
5,281,41,0,0.06082676073111501,0.00040194825036459923
5,456,41,0,0.060827461468192096,0.00044532177143496575
5,83,41,0,0.06082815012650617,0.00048794765334099396
5,151,41,0,0.06082882691526279,0.0005298388452806167
5,312,41,0,0.060829492040009966,0.0005710080700575596
5,21,41,0,0.06083014570270322,0.0006114678281113723
5,253,41,0,0.060830788101769465,0.0006512304014732833
5,164,41,0,0.06083141943216979,0.0006903078576493252
5,21,41,0,0.060832039885461035,0.0007287120534321466
9,151,41,0,0.06082026690642309,1.4561921317934608e-23
9,253,41,0,0.06082107962790918,5.0305019748422705e-05
9,253,41,0,0.06082187832938184,9.974224276075534e-05
9,309,41,0,0.060822663254042834,0.0001483267224971102
9,151,41,0,0.060823434640829274,0.00019607324844619353
9,57,41,0,0.0608241927244899,0.0002429963508509966
9,427,41,0,0.06082493773566005,0.00028911030534660567
9,145,41,0,0.06082566990093521,0.00033442913751187517
9,310,41,0,0.0608263894429431,0.0003789666273366699
9,164,41,0,0.06082709658041465,0.0004227363136063454
9,181,41,0,0.06082779152825339,0.0004657514982050975
9,57,41,1,0.06082847449760376,0.0005080252503397804
9,304,41,0,0.06083146550238888,0.0006931594658829711
9,309,41,0,0.06083208516197499,0.0007315145337010059
9,427,41,0,0.06083269414639788,0.0007692088409681876
12,248,41,0,0.06082026690642309,3.376999256518823e-40
12,57,41,1,0.06082107962790918,5.0305019748422705e-05
12,401,41,0,0.06082210816958782,0.0001139686614033
12,253,41,0,0.060822889129979615,0.00016230776477849315
12,57,41,0,0.0608236566212424,0.00020981316951070475
12,410,41,0,0.0608244108769202,0.00025649933127206033
12,40,41,0,0.06082515212646512,0.0003023804524602229
12,189,41,0,0.060825880595310564,0.0003474704867253209
12,462,41,0,0.060826596504942966,0.0003917831434129342
12,139,41,0,0.06082730007297226,0.0004353318919247968
12,28,41,0,0.06082799151320104,0.0004781299659988383
12,312,41,0,0.0608286710356924,0.0005201903679101506
12,248,41,0,0.06082933884683656,0.0005615258725944316
12,401,41,0,0.06082999514941629,0.0006021490316954272
12,83,41,0,0.06083064014267107,0.0006420721775378546
12,401,41,0,0.060831274022360056,0.0006813074270272641
12,335,41,0,0.06083189698082399,0.0007198666854782613
12,462,41,0,0.060832509207045915,0.0007577616503724838
12,272,41,0,0.06083311088671072,0.0007950038150476938
12,309,41,0,0.060833702202263695,0.0008316044723193231
12,281,41,0,0.060834283332967955,0.0008675747180357759
12,248,41,0,0.060834854454960806,0.000902925454568768
12,309,41,0,0.06083541574130919,0.0009376673942399544
12,485,41,0,0.06083596736206389,0.0009718110626850706
14,189,41,0,0.06082026690642309,7.284836483627454e-18
14,272,41,0,0.06082107962790918,5.030501974842987e-05
14,462,41,0,0.06082187832938183,9.974224276076237e-05
14,401,41,0,0.060822663254042834,0.00014832672249711715
14,309,41,0,0.060823434640829274,0.00019607324844620033
14,427,41,1,0.0608241927244899,0.0002429963508510033
14,335,41,0,0.06082604770234537,0.00035781391043207463
14,272,41,0,0.06082676073111501,0.0004019482503646076
14,360,41,0,0.060827461468192096,0.00044532177143497394
14,248,41,0,0.06082815012650617,0.00048794765334100204
14,304,41,0,0.06082882691526279,0.0005298388452806247
14,83,41,0,0.060829492040009966,0.0005710080700575674
20,304,41,0,0.06082026690642309,1.856080646020954e-36
20,232,41,0,0.06082107962790918,5.0305019748422705e-05
20,448,41,0,0.06082187832938184,9.974224276075534e-05
20,83,41,0,0.060822663254042834,0.0001483267224971102
20,189,41,0,0.060823434640829274,0.00019607324844619353
20,21,41,0,0.0608241927244899,0.0002429963508509966
20,232,41,0,0.06082493773566005,0.00028911030534660567
20,360,41,0,0.06082566990093521,0.00033442913751187517
20,304,41,0,0.0608263894429431,0.0003789666273366699
20,57,41,0,0.06082709658041465,0.0004227363136063454
20,145,41,0,0.06082779152825339,0.0004657514982050975
20,305,41,0,0.06082847449760376,0.0005080252503397804
20,57,41,1,0.06082914569591807,0.0005495704106857531
20,40,41,0,0.06083231471183248,0.0007457229806433791
20,40,41,0,0.060832919741897445,0.0007831725250282287
20,401,41,0,0.060833514349894764,0.0008199769747194818
20,272,41,0,0.06083409871609832,0.0008561474881282318
20,189,41,0,0.0608346730176383,0.0008916950290804535
20,40,41,0,0.06083523742855684,0.0009266303702638569
20,53,41,0,0.06083579211986281,0.0009609640966118651
20,456,41,0,0.060836337259585364,0.000994706608625927
20,310,41,0,0.06083687301282672,0.0010278681256373442
28,57,41,0,0.06082026690642309,3.788415808593976e-37
28,57,41,0,0.06082107962790918,5.0305019748422705e-05
28,181,41,0,0.06082187832938184,9.974224276075534e-05
28,53,41,0,0.060822663254042834,0.0001483267224971102
28,335,41,0,0.060823434640829274,0.00019607324844619353
28,189,41,0,0.0608241927244899,0.0002429963508509966
28,310,41,0,0.06082493773566005,0.00028911030534660567
28,401,41,0,0.06082566990093521,0.00033442913751187517
28,312,41,0,0.0608263894429431,0.0003789666273366699
28,427,41,0,0.06082709658041465,0.0004227363136063454
28,172,41,0,0.06082779152825339,0.0004657514982050975
28,40,41,0,0.06082847449760376,0.0005080252503397804
28,28,41,0,0.06082914569591807,0.0005495704106857531
28,40,41,0,0.06082980532702226,0.0005903995954562841
28,248,41,0,0.06083045359118041,0.0006305252003970103
28,281,41,0,0.06083109068515811,0.0006699594047069131
28,130,41,0,0.06083171680228462,0.0007087141748872438
28,28,41,0,0.060832332132513954,0.0007468012685198015
28,462,41,0,0.06083293686248473,0.000784232237975933
28,410,41,0,0.06083353117557906,0.0008210184340576006
28,57,41,1,0.06083411525198029,0.0008571710095718291
28,13,41,0,0.06083860168028462,0.001134867450861906
33,304,41,0,0.06082026690642309,1.1672443364902344e-20
33,57,41,1,0.06082107962790918,5.030501974842272e-05
33,401,41,0,0.06082210816958782,0.00011396866140330001
33,130,41,0,0.060822889129979615,0.00016230776477849318
33,462,41,0,0.0608236566212424,0.00020981316951070478
33,335,41,0,0.0608244108769202,0.0002564993312720604
33,448,41,0,0.06082515212646512,0.000302380452460223
33,83,41,0,0.060825880595310564,0.00034747048672532097
33,21,41,0,0.060826596504942966,0.00039178314341293424
33,57,41,0,0.06082730007297226,0.00043533189192479683
33,151,41,0,0.06082799151320104,0.00047812996599883836
33,248,41,0,0.0608286710356924,0.0005201903679101506
33,401,41,0,0.06082933884683656,0.0005615258725944316
41,335,41,0,0.06082026690642309,1.99439437039151e-27
41,272,41,0,0.06082107962790918,5.0305019748422705e-05
41,272,41,0,0.06082187832938184,9.974224276075534e-05
41,485,41,0,0.060822663254042834,0.0001483267224971102
41,335,41,0,0.060823434640829274,0.00019607324844619353
41,456,41,1,0.0608241927244899,0.0002429963508509966
41,253,41,0,0.06082604770234537,0.0003578139104320662
41,151,41,0,0.06082676073111501,0.00040194825036459923
41,189,41,0,0.060827461468192096,0.00044532177143496575
41,164,41,0,0.06082815012650617,0.00048794765334099396
41,281,41,0,0.06082882691526279,0.0005298388452806167
41,21,41,0,0.060829492040009966,0.0005710080700575596
41,310,41,0,0.06083014570270322,0.0006114678281113723
41,310,41,0,0.060830788101769465,0.0006512304014732833
41,305,41,0,0.06083141943216979,0.0006903078576493252
41,13,41,0,0.060832039885461035,0.0007287120534321466
41,448,41,0,0.06083264964985622,0.0007664546386428955
42,28,41,0,0.06082026690642309,3.524760439571623e-29
42,181,41,1,0.06082107962790918,5.0305019748422705e-05
42,427,41,0,0.06082210816958782,0.0001139686614033
42,130,41,0,0.060822889129979615,0.00016230776477849315
42,248,41,0,0.0608236566212424,0.00020981316951070475
42,335,41,0,0.0608244108769202,0.00025649933127206033
42,139,41,0,0.06082515212646512,0.0003023804524602229
42,304,41,0,0.060825880595310564,0.0003474704867253209
42,309,41,0,0.060826596504942966,0.0003917831434129342
42,427,41,0,0.06082730007297226,0.0004353318919247968
42,456,41,0,0.06082799151320104,0.0004781299659988383
42,456,41,0,0.0608286710356924,0.0005201903679101506
42,248,41,0,0.06082933884683656,0.0005615258725944316
42,248,41,0,0.06082999514941629,0.0006021490316954272
42,151,41,0,0.06083064014267107,0.0006420721775378546
42,312,41,0,0.060831274022360056,0.0006813074270272641
42,272,41,0,0.06083189698082399,0.0007198666854782613
42,13,41,0,0.060832509207045915,0.0007577616503724838
45,401,41,0,0.06082026690642309,2.4910468241017228e-40
45,53,41,0,0.06082107962790918,5.0305019748422705e-05
45,53,41,0,0.06082187832938184,9.974224276075534e-05
45,181,41,0,0.060822663254042834,0.0001483267224971102
45,309,41,0,0.060823434640829274,0.00019607324844619353
45,335,41,0,0.0608241927244899,0.0002429963508509966
45,427,41,0,0.06082493773566005,0.00028911030534660567
45,335,41,0,0.06082566990093521,0.00033442913751187517
45,427,41,1,0.0608263894429431,0.0003789666273366699
45,360,41,0,0.06082882734269057,0.0005298653017766458
45,164,41,0,0.060829492460071626,0.000571034070612015
45,40,41,0,0.060830146115526264,0.0006114933806179767
45,172,41,0,0.060830788507479194,0.0006512555136878616
45,13,41,0,0.06083141983088934,0.0006903325371922561
45,53,41,0,0.06083204027731135,0.0007287363077907673
45,427,41,1,0.06083265003495618,0.0007664784751738646
45,312,41,0,0.060836748145997974,0.0010201392438576235
45,456,41,0,0.06083727682480806,0.0010528628748148069
45,305,41,0,0.06083779640161766,0.001085023119271141
45,83,41,0,0.06083830703370135,0.0011166297120501717
45,462,41,0,0.060838808875596694,0.0011476922185643412
45,335,41,0,0.0608393020791526,0.0011782200378040878
45,281,41,0,0.06083978679357668,0.0012082224052728182
45,312,41,0,0.06084026316548182,0.0012377083958687776
45,272,41,0,0.06084073133893195,0.0012666869267148272
45,151,41,0,0.06084119145548684,0.001295166759937109
45,164,41,0,0.060841643654246255,0.0013231565053935686
48,40,41,0,0.06082026690642309,6.978081123279708e-33
48,151,41,0,0.06082107962790918,5.0305019748422705e-05
48,151,41,0,0.06082187832938184,9.974224276075534e-05
48,40,41,0,0.060822663254042834,0.0001483267224971102
48,272,41,0,0.060823434640829274,0.00019607324844619353
48,40,41,0,0.0608241927244899,0.0002429963508509966
48,53,41,0,0.06082493773566005,0.00028911030534660567
48,181,41,0,0.06082566990093521,0.00033442913751187517
48,360,41,0,0.0608263894429431,0.0003789666273366699
48,248,41,0,0.06082709658041465,0.0004227363136063454
48,305,41,0,0.06082779152825339,0.0004657514982050975
48,427,41,1,0.06082847449760376,0.0005080252503397804
48,272,41,0,0.06083146550238888,0.0006931594658829711
48,485,41,0,0.06083208516197499,0.0007315145337010059
48,181,41,0,0.06083269414639788,0.0007692088409681876
48,305,41,0,0.06083329264034649,0.0008062538193763091
48,130,41,0,0.06083388082528783,0.0008426607011880401
48,456,41,0,0.06083445887952408,0.0008784405227722459
48,40,41,0,0.06083502697824865,0.000913604128074731
48,248,41,0,0.0608355852936012,0.0009481621720256453
59,410,41,0,0.06082026690642309,2.7435370109073045e-31
59,304,41,0,0.06082107962790918,5.0305019748422705e-05
59,189,41,0,0.06082187832938184,9.974224276075534e-05
59,21,41,0,0.060822663254042834,0.0001483267224971102
59,456,41,0,0.060823434640829274,0.00019607324844619353
59,181,41,0,0.0608241927244899,0.0002429963508509966
59,360,41,0,0.06082493773566005,0.00028911030534660567
59,456,41,0,0.06082566990093521,0.00033442913751187517
59,448,41,0,0.0608263894429431,0.0003789666273366699
59,164,41,0,0.06082709658041465,0.0004227363136063454
59,57,41,1,0.06082779152825339,0.0004657514982050975
59,281,41,0,0.06083060138082982,0.0006396729359491654
59,427,41,0,0.06083123592838069,0.0006789495240841211
59,40,41,0,0.06083185954314877,0.0007175494057910672
59,281,41,0,0.06083247241431884,0.000755484291038545
59,312,41,0,0.06083307472777393,0.0007927656854296343
59,401,41,0,0.060833666666153995,0.0008294048938275538
59,312,41,0,0.06083424840891331,0.0008654130239149403
59,21,41,0,0.06083482013237703,0.0009008009896880891
61,172,41,0,0.06082026690642309,2.8448138537246053e-32
61,232,41,0,0.06082107962790918,5.0305019748422705e-05
61,462,41,0,0.06082187832938184,9.974224276075534e-05
61,360,41,0,0.060822663254042834,0.0001483267224971102
61,253,41,0,0.060823434640829274,0.00019607324844619353
61,13,41,0,0.0608241927244899,0.0002429963508509966
61,28,41,0,0.06082493773566005,0.00028911030534660567
61,427,41,0,0.06082566990093521,0.00033442913751187517
61,309,41,0,0.0608263894429431,0.0003789666273366699
61,57,41,0,0.06082709658041465,0.0004227363136063454
61,13,41,0,0.06082779152825339,0.0004657514982050975
61,53,41,0,0.06082847449760376,0.0005080252503397804
61,448,41,0,0.06082914569591807,0.0005495704106857531
61,145,41,0,0.06082980532702226,0.0005903995954562841
61,40,41,0,0.06083045359118041,0.0006305252003970103
61,427,41,1,0.06083109068515811,0.0006699594047069131
61,335,41,0,0.06083477543343984,0.0008980342596875225
61,448,41,0,0.060835338080625925,0.0009328604311271841
61,151,41,0,0.0608358910386919,0.0009670868751232482
64,485,41,0,0.06082026690642309,1.5699112263849286e-20
64,312,41,0,0.06082107962790918,5.030501974842272e-05
64,360,41,0,0.06082187832938184,9.974224276075535e-05
64,462,41,0,0.060822663254042834,0.0001483267224971102
64,232,41,0,0.060823434640829274,0.00019607324844619353
64,312,41,0,0.0608241927244899,0.0002429963508509966
64,272,41,0,0.06082493773566005,0.00028911030534660567
64,360,41,0,0.06082566990093521,0.00033442913751187517
64,427,41,1,0.0608263894429431,0.0003789666273366699
64,57,41,0,0.06082882734269057,0.0005298653017766458
64,151,41,0,0.060829492460071626,0.000571034070612015
64,151,41,0,0.060830146115526264,0.0006114933806179767
64,57,41,0,0.060830788507479194,0.0006512555136878616
65,130,41,0,0.06082026690642309,7.520977766935495e-18
65,304,41,0,0.06082107962790918,5.03050197484301e-05
65,83,41,0,0.06082187832938183,9.97422427607626e-05
65,145,41,0,0.060822663254042834,0.00014832672249711737
65,145,41,0,0.060823434640829274,0.00019607324844620057
65,145,41,0,0.0608241927244899,0.0002429963508510035
65,360,41,0,0.06082493773566005,0.00028911030534661244
65,232,41,0,0.06082566990093521,0.0003344291375118818
65,57,41,1,0.0608263894429431,0.00037896662733667637
65,139,41,0,0.06082882734269057,0.0005298653017766539
65,145,41,0,0.060829492460071626,0.000571034070612023
65,335,41,0,0.060830146115526264,0.0006114933806179845
73,40,41,0,0.06082026690642309,1.1408795340153391e-31
73,181,41,0,0.06082107962790918,5.0305019748422705e-05
73,253,41,0,0.06082187832938184,9.974224276075534e-05
73,57,41,1,0.060822663254042834,0.0001483267224971102
73,151,41,0,0.06082411225258026,0.00023801538126566287
73,145,41,0,0.060824858651361134,0.00028421522469864293
73,28,41,0,0.060825592180196446,0.0003296184571431397
73,40,41,0,0.06082631306213498,0.00037423888465143895
73,335,41,0,0.06082702151632121,0.0004180900716061657
73,272,41,0,0.06082771775806483,0.00046118534503223653
73,139,41,0,0.060828401998909216,0.000503537798829111
73,448,41,0,0.060829074446698515,0.0005451602979249054
73,281,41,0,0.06082973530564349,0.0005860654823539037
73,164,41,0,0.060830384776386255,0.0006262657712589634
73,57,41,1,0.060831023056063645,0.000665773366820284
73,53,41,0,0.06083468987448936,0.0008927384175478196
73,335,41,0,0.060835253995109646,0.0009276557901399448
73,485,41,0,0.060835808401136234,0.0009619718585516067
73,305,41,0,0.06083635326051088,0.0009956970178721487
73,305,41,0,0.060836888738249904,0.0010288414821164585
73,448,41,0,0.06083741499649593,0.0010614152874257315
73,304,41,0,0.06083793219456863,0.0010934282952100732
74,253,41,0,0.06082026690642309,1.4364141383067037e-27
74,462,41,0,0.06082107962790918,5.0305019748422705e-05
74,232,41,0,0.06082187832938184,9.974224276075534e-05
74,53,41,0,0.060822663254042834,0.0001483267224971102
74,272,41,0,0.060823434640829274,0.00019607324844619353
74,335,41,0,0.0608241927244899,0.0002429963508509966
74,485,41,0,0.06082493773566005,0.00028911030534660567
74,189,41,0,0.06082566990093521,0.00033442913751187517
74,83,41,0,0.0608263894429431,0.0003789666273366699
74,401,41,0,0.06082709658041465,0.0004227363136063454
74,181,41,0,0.06082779152825339,0.0004657514982050975
74,410,41,0,0.06082847449760376,0.0005080252503397804
74,448,41,0,0.06082914569591807,0.0005495704106857531
74,272,41,0,0.06082980532702226,0.0005903995954562841
74,485,41,0,0.06083045359118041,0.0006305252003970103
74,427,41,1,0.06083109068515811,0.0006699594047069131
74,304,41,0,0.06083477543343984,0.0008980342596875225
78,485,41,0,0.06082026690642309,1.0910755646883637e-27
78,21,41,0,0.06082107962790918,5.0305019748422705e-05
78,485,41,0,0.06082187832938184,9.974224276075534e-05
78,13,41,0,0.060822663254042834,0.0001483267224971102
78,13,41,0,0.060823434640829274,0.00019607324844619353
78,13,41,0,0.0608241927244899,0.0002429963508509966
78,189,41,0,0.06082493773566005,0.00028911030534660567
78,310,41,0,0.06082566990093521,0.00033442913751187517
78,272,41,0,0.0608263894429431,0.0003789666273366699
78,401,41,0,0.06082709658041465,0.0004227363136063454
78,151,41,0,0.06082779152825339,0.0004657514982050975
78,312,41,0,0.06082847449760376,0.0005080252503397804
78,309,41,0,0.06082914569591807,0.0005495704106857531
78,57,41,1,0.06082980532702226,0.0005903995954562841
78,456,41,0,0.060833149268022184,0.0007973795029847387
78,272,41,0,0.06083373992247131,0.0008339392399136824
78,83,41,0,0.06083432040350565,0.0008698692730129257
78,272,41,0,0.06083489088706317,0.0009051804923155249
78,40,41,0,0.06083545154601498,0.00093988359802294
78,57,41,1,0.060836002550219544,0.000973989103865195
79,360,41,0,0.06082026690642309,9.860735937613731e-50
79,53,41,0,0.06082107962790918,5.0305019748422705e-05
79,427,41,0,0.06082187832938184,9.974224276075534e-05
79,164,41,0,0.060822663254042834,0.0001483267224971102
79,57,41,0,0.060823434640829274,0.00019607324844619353
79,83,41,0,0.0608241927244899,0.0002429963508509966
79,181,41,0,0.06082493773566005,0.00028911030534660567
79,360,41,0,0.06082566990093521,0.00033442913751187517
79,410,41,0,0.0608263894429431,0.0003789666273366699
79,13,41,0,0.06082709658041465,0.0004227363136063454
79,309,41,0,0.06082779152825339,0.0004657514982050975
79,40,41,0,0.06082847449760376,0.0005080252503397804
79,130,41,0,0.06082914569591807,0.0005495704106857531
79,53,41,0,0.06082980532702226,0.0005903995954562841
79,310,41,0,0.06083045359118041,0.0006305252003970103
79,53,41,0,0.06083109068515811,0.0006699594047069131
79,427,41,0,0.06083171680228462,0.0007087141748872438
79,312,41,0,0.060832332132513954,0.0007468012685198015
79,57,41,1,0.06083293686248473,0.000784232237975933
79,253,41,0,0.06083711099665301,0.0010425986099252705
79,28,41,0,0.060837633428380625,0.0010749355652347205
79,53,41,0,0.060838146866053995,0.0011067158155914332
79,462,41,0,0.060838651465069074,0.0011379489795382194
79,181,41,0,0.06083914737811797,0.0011686445082586033
79,53,41,0,0.06083963475523665,0.0011988116885287632
79,253,41,0,0.06084011374385179,0.0012284596456160477
79,401,41,0,0.0608405844888267,0.0012575973461250826
79,28,41,0,0.06084104713250651,0.0012862336007924584
79,310,41,0,0.06084150181476252,0.0013143770672309728
86,139,41,0,0.06082026690642309,3.3229058608239077e-35
86,145,41,0,0.06082107962790918,5.0305019748422705e-05
86,189,41,0,0.06082187832938184,9.974224276075534e-05
86,304,41,0,0.060822663254042834,0.0001483267224971102
86,57,41,1,0.060823434640829274,0.00019607324844619353
86,40,41,0,0.060825088406768466,0.0002984363945594266
86,13,41,0,0.06082581797423018,0.00034359442987276614
86,139,41,0,0.06082653496344163,0.0003879739092621923
86,281,41,0,0.06082723959234591,0.00043158832274985977
86,248,41,0,0.06082793207507278,0.00047445092432640823
86,139,41,0,0.06082861262200675,0.0005165747361587191
86,151,41,0,0.06082928143985366,0.000557972552720016
86,232,41,0,0.06082993873170631,0.000598656944843833
86,28,41,0,0.06083058469710866,0.0006386402637033367
86,130,41,0,0.060831219532119014,0.0006779346447174623
86,309,41,0,0.06083184342937191,0.0007165520113852874
86,335,41,0,0.06083245657813891,0.0007545040790500411
86,281,41,0,0.06083305916438839,0.0007918023585941123
86,13,41,0,0.06083365137084403,0.0008284581600663958
86,304,41,0,0.06083423337704246,0.0008644825962432831
86,281,41,0,0.06083480535938963,0.0008998865861245816
88,189,41,0,0.06082026690642309,9.70667253554007e-33
88,130,41,0,0.06082107962790918,5.0305019748422705e-05
88,335,41,0,0.06082187832938184,9.974224276075534e-05
88,310,41,0,0.060822663254042834,0.0001483267224971102
88,427,41,1,0.060823434640829274,0.00019607324844619353
88,172,41,0,0.060825088406768466,0.0002984363945594266
88,53,41,0,0.06082581797423018,0.00034359442987276614
88,427,41,0,0.06082653496344163,0.0003879739092621923
88,448,41,0,0.06082723959234591,0.00043158832274985977
88,485,41,0,0.06082793207507278,0.00047445092432640823
88,485,41,0,0.06082861262200675,0.0005165747361587191
88,312,41,0,0.06082928143985366,0.000557972552720016
88,172,41,0,0.06082993873170631,0.000598656944843833
88,40,41,0,0.06083058469710866,0.0006386402637033367
88,305,41,0,0.060831219532119014,0.0006779346447174623
88,181,41,0,0.06083184342937191,0.0007165520113852874
88,462,41,0,0.06083245657813891,0.0007545040790500411
88,28,41,0,0.06083305916438839,0.0007918023585941123
88,248,41,0,0.06083365137084403,0.0008284581600663958
88,151,41,0,0.06083423337704246,0.0008644825962432831
90,172,41,0,0.06082026690642309,8.327282141340902e-39
90,448,41,0,0.06082107962790918,5.0305019748422705e-05
90,130,41,0,0.06082187832938184,9.974224276075534e-05
90,462,41,0,0.060822663254042834,0.0001483267224971102
90,40,41,0,0.060823434640829274,0.00019607324844619353
90,151,41,0,0.0608241927244899,0.0002429963508509966
90,253,41,0,0.06082493773566005,0.00028911030534660567
90,427,41,0,0.06082566990093521,0.00033442913751187517
90,410,41,0,0.0608263894429431,0.0003789666273366699
90,151,41,0,0.06082709658041465,0.0004227363136063454
90,21,41,0,0.06082779152825339,0.0004657514982050975
90,305,41,0,0.06082847449760376,0.0005080252503397804
90,360,41,0,0.06082914569591807,0.0005495704106857531
90,309,41,0,0.06082980532702226,0.0005903995954562841
90,456,41,0,0.06083045359118041,0.0006305252003970103
90,401,41,0,0.06083109068515811,0.0006699594047069131
90,272,41,0,0.06083171680228462,0.0007087141748872438
90,304,41,0,0.060832332132513954,0.0007468012685198015
90,139,41,1,0.06083293686248473,0.000784232237975933
90,13,41,0,0.06083711099665301,0.0010425986099252705
90,83,41,0,0.060837633428380625,0.0010749355652347205
90,248,41,0,0.060838146866053995,0.0011067158155914332
90,53,41,0,0.060838651465069074,0.0011379489795382194
101,456,41,0,0.06082026690642309,3.625486526865374e-25
101,401,41,0,0.06082107962790918,5.0305019748422705e-05
101,181,41,0,0.06082187832938184,9.974224276075534e-05
101,57,41,0,0.060822663254042834,0.0001483267224971102
101,281,41,0,0.060823434640829274,0.00019607324844619353
101,310,41,0,0.0608241927244899,0.0002429963508509966
101,253,41,0,0.06082493773566005,0.00028911030534660567
101,335,41,0,0.06082566990093521,0.00033442913751187517
101,427,41,1,0.0608263894429431,0.0003789666273366699
101,21,41,0,0.06082882734269057,0.0005298653017766458
101,172,41,0,0.060829492460071626,0.000571034070612015
101,312,41,0,0.060830146115526264,0.0006114933806179767
101,462,41,0,0.060830788507479194,0.0006512555136878616
101,309,41,0,0.06083141983088934,0.0006903325371922561
101,130,41,0,0.06083204027731135,0.0007287363077907673
101,40,41,0,0.06083265003495618,0.0007664784751738646
102,53,41,0,0.06082026690642309,5.227686588052678e-35
102,360,41,0,0.06082107962790918,5.0305019748422705e-05
102,310,41,0,0.06082187832938184,9.974224276075534e-05
102,312,41,0,0.060822663254042834,0.0001483267224971102
102,253,41,0,0.060823434640829274,0.00019607324844619353
102,57,41,1,0.0608241927244899,0.0002429963508509966
102,189,41,0,0.06082604770234537,0.0003578139104320662
102,151,41,0,0.06082676073111501,0.00040194825036459923
102,253,41,0,0.060827461468192096,0.00044532177143496575
102,232,41,0,0.06082815012650617,0.00048794765334099396
102,181,41,0,0.06082882691526279,0.0005298388452806167
102,485,41,0,0.060829492040009966,0.0005710080700575596
102,427,41,0,0.06083014570270322,0.0006114678281113723
102,272,41,0,0.060830788101769465,0.0006512304014732833
102,189,41,0,0.06083141943216979,0.0006903078576493252
102,456,41,0,0.060832039885461035,0.0007287120534321466
102,83,41,0,0.06083264964985622,0.0007664546386428955
102,232,41,0,0.0608332489102839,0.0008035470598045325
102,248,41,0,0.06083383784844647,0.0008400005637479012
102,21,41,0,0.06083441664287727,0.000875826201151855
102,427,41,0,0.06083498546899679,0.0009110348300187129
104,335,41,0,0.0608202669064231,7.873655526511962e-16
104,427,41,1,0.06082107962790919,5.030501974919649e-05
104,410,41,0,0.06082210816958783,0.00011396866140427925
104,130,41,0,0.06082288912997963,0.00016230776477945552
104,448,41,0,0.060823656621242415,0.00020981316951165056
104,427,41,0,0.06082441087692021,0.0002564993312729898
104,281,41,0,0.060825152126465144,0.0003023804524611364
104,83,41,0,0.06082588059531057,0.00034747048672621863
104,272,41,0,0.06082659650494299,0.00039178314341381645
104,28,41,0,0.060827300072972275,0.0004353318919256638
104,181,41,0,0.060827991513201056,0.00047812996599969044
104,456,41,0,0.06082867103569241,0.000520190367910988
104,57,41,1,0.06082933884683658,0.0005615258725952547
104,304,41,0,0.06083255908558884,0.0007608489824163683
108,130,41,0,0.06082026690642309,2.2942367228391242e-33
108,151,41,0,0.06082107962790918,5.0305019748422705e-05
108,164,41,0,0.06082187832938184,9.974224276075534e-05
108,462,41,0,0.060822663254042834,0.0001483267224971102
108,310,41,0,0.060823434640829274,0.00019607324844619353
108,139,41,1,0.0608241927244899,0.0002429963508509966
108,281,41,0,0.06082604770234537,0.0003578139104320662
108,181,41,0,0.06082676073111501,0.00040194825036459923
108,456,41,0,0.060827461468192096,0.00044532177143496575
108,189,41,0,0.06082815012650617,0.00048794765334099396
108,253,41,0,0.06082882691526279,0.0005298388452806167
108,40,41,0,0.060829492040009966,0.0005710080700575596
108,456,41,0,0.06083014570270322,0.0006114678281113723
108,401,41,0,0.060830788101769465,0.0006512304014732833
108,401,41,0,0.06083141943216979,0.0006903078576493252
108,253,41,0,0.060832039885461035,0.0007287120534321466
108,13,41,0,0.06083264964985622,0.0007664546386428955
108,305,41,0,0.0608332489102839,0.0008035470598045325
108,272,41,0,0.06083383784844647,0.0008400005637479012
108,253,41,0,0.06083441664287727,0.000875826201151855
108,57,41,0,0.06083498546899679,0.0009110348300187129
108,57,41,1,0.06083554449916782,0.0009456371190862907
108,181,41,0,0.06084040962585142,0.00124677385299099
114,139,41,0,0.06082026690642309,7.950943408679343e-39
114,248,41,0,0.06082107962790918,5.0305019748422705e-05
114,13,41,0,0.06082187832938184,9.974224276075534e-05
114,139,41,0,0.060822663254042834,0.0001483267224971102
114,145,41,0,0.060823434640829274,0.00019607324844619353
114,181,41,0,0.0608241927244899,0.0002429963508509966
114,53,41,0,0.06082493773566005,0.00028911030534660567
114,189,41,0,0.06082566990093521,0.00033442913751187517
114,485,41,0,0.0608263894429431,0.0003789666273366699
114,232,41,0,0.06082709658041465,0.0004227363136063454
114,181,41,0,0.06082779152825339,0.0004657514982050975
114,189,41,0,0.06082847449760376,0.0005080252503397804
114,145,41,1,0.06082914569591807,0.0005495704106857531
114,232,41,0,0.06083231471183248,0.0007457229806433791
114,272,41,0,0.060832919741897445,0.0007831725250282287
114,410,41,0,0.060833514349894764,0.0008199769747194818
114,21,41,0,0.06083409871609832,0.0008561474881282318
114,172,41,0,0.0608346730176383,0.0008916950290804535
114,401,41,0,0.06083523742855684,0.0009266303702638569
114,304,41,0,0.06083579211986281,0.0009609640966118651
114,232,41,0,0.060836337259585364,0.000994706608625927
114,164,41,0,0.06083687301282672,0.0010278681256373442
114,462,41,0,0.06083739954181387,0.0010604586890097729
116,40,41,0,0.06082026690642309,9.62090159320397e-33
116,13,41,0,0.06082107962790918,5.0305019748422705e-05
116,145,41,0,0.06082187832938184,9.974224276075534e-05
116,485,41,0,0.060822663254042834,0.0001483267224971102
116,130,41,0,0.060823434640829274,0.00019607324844619353
116,304,41,0,0.0608241927244899,0.0002429963508509966
116,253,41,0,0.06082493773566005,0.00028911030534660567
116,181,41,0,0.06082566990093521,0.00033442913751187517
116,281,41,0,0.0608263894429431,0.0003789666273366699
116,164,41,0,0.06082709658041465,0.0004227363136063454
116,427,41,0,0.06082779152825339,0.0004657514982050975
116,462,41,0,0.06082847449760376,0.0005080252503397804
116,181,41,0,0.06082914569591807,0.0005495704106857531
116,360,41,0,0.06082980532702226,0.0005903995954562841
116,83,41,0,0.06083045359118041,0.0006305252003970103
116,462,41,0,0.06083109068515811,0.0006699594047069131
116,57,41,1,0.06083171680228462,0.0007087141748872438
116,139,41,0,0.06083556753798788,0.000947063152873588
116,485,41,0,0.06083611654485142,0.0009810450293027306
116,189,41,0,0.0608366560983916,0.0010144417734013875
125,57,41,1,0.06082026690642309,2.661982472330068e-25
125,21,41,0,0.06082107962790918,5.0305019748422705e-05
125,40,41,0,0.06082187832938184,9.974224276075534e-05
125,360,41,0,0.060822663254042834,0.0001483267224971102
125,145,41,0,0.060823434640829274,0.00019607324844619353
125,57,41,0,0.0608241927244899,0.0002429963508509966
125,448,41,0,0.06082493773566005,0.00028911030534660567
125,427,41,0,0.06082566990093521,0.00033442913751187517
125,151,41,0,0.0608263894429431,0.0003789666273366699
125,130,41,0,0.06082709658041465,0.0004227363136063454
125,309,41,0,0.06082779152825339,0.0004657514982050975
125,164,41,0,0.06082847449760376,0.0005080252503397804
125,253,41,0,0.06082914569591807,0.0005495704106857531
125,485,41,0,0.06082980532702226,0.0005903995954562841
125,57,41,0,0.06083045359118041,0.0006305252003970103
125,401,41,0,0.06083109068515811,0.0006699594047069131
136,253,41,0,0.06082026690642309,3.9183363926640956e-27
136,13,41,0,0.06082107962790918,5.0305019748422705e-05
136,53,41,0,0.06082187832938184,9.974224276075534e-05
136,305,41,0,0.060822663254042834,0.0001483267224971102
136,281,41,0,0.060823434640829274,0.00019607324844619353
136,427,41,1,0.0608241927244899,0.0002429963508509966
136,360,41,0,0.06082604770234537,0.0003578139104320662
136,83,41,0,0.06082676073111501,0.00040194825036459923
136,401,41,0,0.060827461468192096,0.00044532177143496575
136,310,41,0,0.06082815012650617,0.00048794765334099396
136,181,41,0,0.06082882691526279,0.0005298388452806167
136,360,41,0,0.060829492040009966,0.0005710080700575596
136,304,41,0,0.06083014570270322,0.0006114678281113723
136,189,41,0,0.060830788101769465,0.0006512304014732833
136,28,41,0,0.06083141943216979,0.0006903078576493252
136,427,41,0,0.060832039885461035,0.0007287120534321466
136,253,41,0,0.06083264964985622,0.0007664546386428955
161,189,41,0,0.06082026690642309,2.6949888702242562e-31
161,462,41,0,0.06082107962790918,5.0305019748422705e-05
161,281,41,0,0.06082187832938184,9.974224276075534e-05
161,181,41,0,0.060822663254042834,0.0001483267224971102
161,410,41,0,0.060823434640829274,0.00019607324844619353
161,53,41,0,0.0608241927244899,0.0002429963508509966
161,28,41,0,0.06082493773566005,0.00028911030534660567
161,172,41,0,0.06082566990093521,0.00033442913751187517
161,253,41,0,0.0608263894429431,0.0003789666273366699
161,281,41,0,0.06082709658041465,0.0004227363136063454
161,145,41,0,0.06082779152825339,0.0004657514982050975
161,57,41,0,0.06082847449760376,0.0005080252503397804
161,232,41,0,0.06082914569591807,0.0005495704106857531
161,57,41,1,0.06082980532702226,0.0005903995954562841
161,360,41,0,0.060833149268022184,0.0007973795029847387
161,181,41,0,0.06083373992247131,0.0008339392399136824
161,309,41,0,0.06083432040350565,0.0008698692730129257
161,164,41,0,0.06083489088706317,0.0009051804923155249
161,272,41,0,0.06083545154601498,0.00093988359802294
166,145,41,0,0.06082026690642309,1.4516252386601997e-24
166,462,41,0,0.06082107962790918,5.0305019748422705e-05
166,272,41,0,0.06082187832938184,9.974224276075534e-05
166,335,41,0,0.060822663254042834,0.0001483267224971102
166,164,41,0,0.060823434640829274,0.00019607324844619353
166,427,41,0,0.0608241927244899,0.0002429963508509966
166,253,41,0,0.06082493773566005,0.00028911030534660567
166,456,41,0,0.06082566990093521,0.00033442913751187517
166,272,41,0,0.0608263894429431,0.0003789666273366699
166,360,41,0,0.06082709658041465,0.0004227363136063454
166,164,41,0,0.06082779152825339,0.0004657514982050975
166,281,41,0,0.06082847449760376,0.0005080252503397804
166,312,41,0,0.06082914569591807,0.0005495704106857531
166,57,41,1,0.06082980532702226,0.0005903995954562841
166,130,41,0,0.060833149268022184,0.0007973795029847387
174,401,41,0,0.06082026690642309,1.0982511657792732e-35
174,57,41,1,0.06082107962790918,5.0305019748422705e-05
174,253,41,0,0.06082210816958782,0.0001139686614033
174,145,41,0,0.060822889129979615,0.00016230776477849315
174,253,41,0,0.0608236566212424,0.00020981316951070475
174,462,41,0,0.0608244108769202,0.00025649933127206033
174,401,41,0,0.06082515212646512,0.0003023804524602229
174,13,41,0,0.060825880595310564,0.0003474704867253209
174,130,41,0,0.060826596504942966,0.0003917831434129342
174,13,41,0,0.06082730007297226,0.0004353318919247968
174,305,41,0,0.06082799151320104,0.0004781299659988383
174,130,41,0,0.0608286710356924,0.0005201903679101506
174,139,41,0,0.06082933884683656,0.0005615258725944316
174,145,41,0,0.06082999514941629,0.0006021490316954272
174,281,41,0,0.06083064014267107,0.0006420721775378546
174,335,41,0,0.060831274022360056,0.0006813074270272641
174,456,41,0,0.06083189698082399,0.0007198666854782613
174,164,41,0,0.060832509207045915,0.0007577616503724838
174,181,41,0,0.06083311088671072,0.0007950038150476938
174,248,41,0,0.060833702202263695,0.0008316044723193231
174,462,41,0,0.060834283332967955,0.0008675747180357759
179,40,41,0,0.06082026690642309,3.544640862988715e-25
179,145,41,0,0.06082107962790918,5.0305019748422705e-05
179,360,41,0,0.06082187832938184,9.974224276075534e-05
179,427,41,0,0.060822663254042834,0.0001483267224971102
179,456,41,0,0.060823434640829274,0.00019607324844619353
179,410,41,0,0.0608241927244899,0.0002429963508509966
179,410,41,0,0.06082493773566005,0.00028911030534660567
179,53,41,0,0.06082566990093521,0.00033442913751187517
179,448,41,0,0.0608263894429431,0.0003789666273366699
179,57,41,1,0.06082709658041465,0.0004227363136063454
179,281,41,0,0.060829722083664974,0.0005852470815830918
179,410,41,0,0.06083037178224552,0.0006254614729634465
179,253,41,0,0.060831010285817014,0.0006649829268963434
179,448,41,0,0.06083163778814224,0.0007038234367184183
179,151,41,0,0.06083225447960108,0.0007419947863702842
179,410,41,0,0.06083286054725044,0.0007795085541142648
180,189,41,0,0.06082026690642309,7.395547461833503e-31
180,130,41,0,0.06082107962790918,5.0305019748422705e-05
180,401,41,0,0.06082187832938184,9.974224276075534e-05
180,21,41,0,0.060822663254042834,0.0001483267224971102
180,456,41,0,0.060823434640829274,0.00019607324844619353
180,401,41,0,0.0608241927244899,0.0002429963508509966
180,130,41,0,0.06082493773566005,0.00028911030534660567
180,139,41,0,0.06082566990093521,0.00033442913751187517
180,53,41,0,0.0608263894429431,0.0003789666273366699
180,57,41,1,0.06082709658041465,0.0004227363136063454
180,130,41,0,0.060829722083664974,0.0005852470815830918
180,281,41,0,0.06083037178224552,0.0006254614729634465
180,172,41,0,0.060831010285817014,0.0006649829268963434
180,130,41,0,0.06083163778814224,0.0007038234367184183
180,189,41,0,0.06083225447960108,0.0007419947863702842
180,145,41,0,0.06083286054725044,0.0007795085541142648
180,145,41,0,0.0608334561748833,0.0008163761161840278
180,151,41,0,0.060834041543086595,0.0008526086503674307
180,172,41,0,0.060834616829297986,0.0008882171395238727
186,164,41,0,0.06082026690642309,4.0166315365666613e-32
186,21,41,0,0.06082107962790918,5.0305019748422705e-05
186,139,41,0,0.06082187832938184,9.974224276075534e-05
186,164,41,0,0.060822663254042834,0.0001483267224971102
186,181,41,1,0.060823434640829274,0.00019607324844619353
186,448,41,0,0.060825088406768466,0.0002984363945594266
186,232,41,0,0.06082581797423018,0.00034359442987276614
186,164,41,0,0.06082653496344163,0.0003879739092621923
186,310,41,0,0.06082723959234591,0.00043158832274985977
186,172,41,0,0.06082793207507278,0.00047445092432640823
186,248,41,0,0.06082861262200675,0.0005165747361587191
186,462,41,0,0.06082928143985366,0.000557972552720016
186,448,41,0,0.06082993873170631,0.000598656944843833
186,232,41,0,0.06083058469710866,0.0006386402637033367
186,312,41,0,0.060831219532119014,0.0006779346447174623
186,151,41,0,0.06083184342937191,0.0007165520113852874
186,83,41,0,0.06083245657813891,0.0007545040790500411
186,40,41,0,0.06083305916438839,0.0007918023585941123
186,145,41,0,0.06083365137084403,0.0008284581600663958
188,130,41,0,0.06082026690642309,1.3097520939662454e-23
188,281,41,0,0.06082107962790918,5.0305019748422705e-05
188,304,41,0,0.06082187832938184,9.974224276075534e-05
188,53,41,0,0.060822663254042834,0.0001483267224971102
188,456,41,0,0.060823434640829274,0.00019607324844619353
188,281,41,0,0.0608241927244899,0.0002429963508509966
188,401,41,0,0.06082493773566005,0.00028911030534660567
188,272,41,0,0.06082566990093521,0.00033442913751187517
188,181,41,0,0.0608263894429431,0.0003789666273366699
188,462,41,0,0.06082709658041465,0.0004227363136063454
188,189,41,0,0.06082779152825339,0.0004657514982050975
188,181,41,0,0.06082847449760376,0.0005080252503397804
188,21,41,0,0.06082914569591807,0.0005495704106857531
188,253,41,0,0.06082980532702226,0.0005903995954562841
188,57,41,1,0.06083045359118041,0.0006305252003970103
189,401,41,0,0.06082026690642309,1.6256516926322243e-36
189,448,41,0,0.06082107962790918,5.0305019748422705e-05
189,309,41,0,0.06082187832938184,9.974224276075534e-05
189,401,41,0,0.060822663254042834,0.0001483267224971102
189,272,41,0,0.060823434640829274,0.00019607324844619353
189,410,41,0,0.0608241927244899,0.0002429963508509966
189,309,41,0,0.06082493773566005,0.00028911030534660567
189,310,41,0,0.06082566990093521,0.00033442913751187517
189,272,41,0,0.0608263894429431,0.0003789666273366699
189,172,41,0,0.06082709658041465,0.0004227363136063454
189,232,41,0,0.06082779152825339,0.0004657514982050975
189,309,41,0,0.06082847449760376,0.0005080252503397804
189,130,41,0,0.06082914569591807,0.0005495704106857531
189,232,41,0,0.06082980532702226,0.0005903995954562841
189,21,41,0,0.06083045359118041,0.0006305252003970103
189,164,41,0,0.06083109068515811,0.0006699594047069131
189,164,41,0,0.06083171680228462,0.0007087141748872438
189,83,41,0,0.060832332132513954,0.0007468012685198015
189,13,41,0,0.06083293686248473,0.000784232237975933
189,305,41,0,0.06083353117557906,0.0008210184340576006
189,360,41,1,0.06083411525198029,0.0008571710095718291
191,53,41,0,0.06082026690642309,4.661982229429693e-33
191,232,41,0,0.06082107962790918,5.0305019748422705e-05
191,57,41,1,0.06082187832938184,9.974224276075534e-05
191,272,41,0,0.060823118941423684,0.00017653240314520794
191,309,41,0,0.06082388246939948,0.00022379249231269552
191,139,41,0,0.06082463283050226,0.00027023759157331084
191,40,41,0,0.06082537025298049,0.00031588182882524255
191,232,41,0,0.06082609496108552,0.0003607390845501268
191,462,41,0,0.06082680717514276,0.0004048229962313729
191,485,41,0,0.060827507111621874,0.0004481469626906925
191,310,41,0,0.060828194983205484,0.0004907241483444435
191,139,41,0,0.06082887099885672,0.0005325674873813637
191,57,41,0,0.06082953536388538,0.000573689687863239
191,304,41,0,0.06083018828001306,0.0006141032357500127
191,485,41,0,0.06083082994543691,0.0006538203988508157
191,309,41,0,0.060831460554892344,0.0006928532307023592
191,139,41,0,0.06083208029971451,0.0007312135743761072
191,164,41,0,0.060832689367898686,0.0007689130662156107
191,305,41,0,0.06083328794415955,0.0008059631395053596
191,172,41,0,0.060833876209989396,0.0008423750280724784
192,485,41,0,0.06082026690642309,2.829516517142098e-25
192,164,41,0,0.06082107962790918,5.0305019748422705e-05
192,305,41,0,0.06082187832938184,9.974224276075534e-05
192,312,41,0,0.060822663254042834,0.0001483267224971102
192,130,41,0,0.060823434640829274,0.00019607324844619353
192,248,41,0,0.0608241927244899,0.0002429963508509966
192,40,41,0,0.06082493773566005,0.00028911030534660567
192,139,41,0,0.06082566990093521,0.00033442913751187517
192,145,41,0,0.0608263894429431,0.0003789666273366699
192,139,41,0,0.06082709658041465,0.0004227363136063454
192,189,41,0,0.06082779152825339,0.0004657514982050975
192,57,41,1,0.06082847449760376,0.0005080252503397804
192,189,41,0,0.06083146550238888,0.0006931594658829711
192,305,41,0,0.06083208516197499,0.0007315145337010059
192,130,41,0,0.06083269414639788,0.0007692088409681876
192,139,41,0,0.06083329264034649,0.0008062538193763091
194,312,41,0,0.06082026690642309,3.6324034071256385e-27
194,57,41,1,0.06082107962790918,5.0305019748422705e-05
194,189,41,0,0.06082210816958782,0.0001139686614033
194,57,41,1,0.060822889129979615,0.00016230776477849315
194,21,41,0,0.06082439809066189,0.00025570790027453253
194,312,41,0,0.060825139560678865,0.0003016026680203069
194,448,41,0,0.06082586824617529,0.00034670611233017284
194,151,41,0,0.06082658436870447,0.0003910319466899326
194,40,41,0,0.06082728814594208,0.00043459364456766643
194,305,41,0,0.060827979791755186,0.00047740444369513886
194,151,41,0,0.060828659516270304,0.0005194773502701049
194,28,41,0,0.06082932752593987,0.0005608251430810662
194,248,41,0,0.060829984023607814,0.0006014603775560003
194,309,41,0,0.06083062920857363,0.0006413953897365448
194,130,41,0,0.06083126327665549,0.0006806423001790971
194,232,41,0,0.06083188642025206,0.0007192130177842502
194,360,41,0,0.060832498828403275,0.0007571192435559573
194,427,41,0,0.06083310068684995,0.0007943724742917919
194,164,41,0,0.060833692178092265,0.000830984006205637
194,281,41,0,0.06083427348144725,0.0008669649384841088
197,456,41,0,0.06082026690642309,1.1491858348266406e-27
197,248,41,0,0.06082107962790918,5.0305019748422705e-05
197,427,41,1,0.06082187832938184,9.974224276075534e-05
197,485,41,0,0.060823118941423684,0.00017653240314520794
197,53,41,0,0.06082388246939948,0.00022379249231269552
197,309,41,0,0.06082463283050226,0.00027023759157331084
197,335,41,0,0.06082537025298049,0.00031588182882524255
197,189,41,0,0.06082609496108552,0.0003607390845501268
197,462,41,0,0.06082680717514276,0.0004048229962313729
197,312,41,0,0.060827507111621874,0.0004481469626906925
197,485,41,0,0.060828194983205484,0.0004907241483444435
197,145,41,0,0.06082887099885672,0.0005325674873813637
197,172,41,0,0.06082953536388538,0.000573689687863239
197,410,41,0,0.06083018828001306,0.0006141032357500127
197,232,41,0,0.06083082994543691,0.0006538203988508157
197,13,41,0,0.060831460554892344,0.0006928532307023592
197,248,41,0,0.06083208029971451,0.0007312135743761072
