user_id,skill_name,mastery
98,16,0.999999999999406
182,5,0.5994487272594834
73,13,0.0428303799390466
33,16,0.9999998948271792
132,43,0.0478356053649299
124,32,0.0671802386667716
53,18,0.025825956961393
85,32,0.0522712519254499
176,24,0.0064589442698704
108,32,0.0593551875753836
161,10,0.0375123643917551
98,5,0.8170078976951365
108,8,0.0349913240593346
86,23,0.0135887903033076
143,3,0.0167782337347171
17,12,0.000270869439652
46,13,0.0302405979872485
93,49,0.0384664076853971
8,32,0.0628012713407477
189,32,0.0628113809645995
81,33,0.0205882891403233
20,45,0.035753589905601
108,10,0.0349711249459208
164,47,0.0037237553185258
50,0,0.0305679758625326
98,32,0.072976417484764
169,6,0.0426154418921563
47,32,0.0709928776364949
57,32,0.0725476007618998
98,12,4.8287218973525056e-05
187,46,0.1201164563298975
44,49,0.0448860293665121
116,12,3.4286662290603175e-05
122,12,3.6817004234378605e-05
30,1,0.004527585512989
143,42,0.0027426919162166
84,49,0.0435226648158929
75,31,0.0714744366807848
31,49,0.0434837238621612
152,20,0.0028382512962094
103,1,0.004423001642366
107,1,0.0047404885857067
181,24,0.0075247193936917
14,49,0.0447613053624792
42,36,0.0620769171504055
169,29,0.9999560643645388
10,3,0.0190336090430806
74,23,0.015527110764209
123,3,0.0200747357847276
178,49,0.0441595987094746
32,0,0.034893842496638
70,49,0.0497841404767694
52,46,0.1610433947584487
150,3,0.0236891227275486
198,49,0.052254093401748
98,49,0.0495789201713448
197,13,0.0348244206846823
115,49,0.0502055826830196
154,34,0.0034767290194736
140,18,0.017937391443187
198,4,0.0594529202691558
24,40,0.0104513635744256
73,29,0.9999410931176288
102,34,0.0035000373742838
149,24,0.0088930595216021
171,24,0.008526914819019
138,46,0.1622622341861559
120,49,0.0496231337462888
52,40,0.0108679426944045
96,46,0.1603340122238605
166,28,0.8208896614200923
63,47,0.0049225886334915
120,16,2.4324590856979926e-11
139,47,0.0049351017783601
91,40,0.0105023685663429
177,11,0.006346369287968
51,5,0.8950838915547532
36,1,0.0052302047438702
159,33,0.0269833653322221
17,28,0.7438671550404432
23,12,2.6207998432876216e-05
166,0,0.0349019463266532
187,32,0.0805835918137015
144,32,0.0931774691444417
82,33,0.0330041171189115
0,43,0.022909738905134
194,42,0.0033334703706412
100,5,0.9509416420572973
4,27,0.0158105522441036
106,33,0.0311426550109395
105,5,0.9290294133342432
71,32,0.0910684738202803
183,42,0.0043853132814691
187,6,0.0527940546848375
30,12,2.6960093840240635e-05
133,33,0.0302428126844738
92,49,0.0564809846056042
176,42,0.0031826207555484
45,32,0.0906637611160748
163,9,0.0215228042117552
70,8,0.058250657259305
82,15,0.000594572693423
3,12,0.9999999999977296
45,45,0.065920823436277
8,6,0.0746330761549212
32,49,0.0573342000029138
199,11,0.0074925914772638
110,26,0.0097261629703577
152,31,0.0789345592972943
163,45,0.08679170403776
110,28,0.8592710389254531
69,40,0.0117179194075895
33,22,0.0148215669529247
38,22,0.0154295157783397
55,49,0.0558607912259009
167,10,0.0646537934285671
108,16,1.0
106,49,0.0573339102169342
61,49,0.055657698965038
190,24,0.010819860207585
166,24,0.0119069218819038
3,49,0.055656934984763
3,37,0.0097071412219121
147,49,0.0601346414663926
111,10,0.0521702537717369
10,40,0.0120463494486611
110,24,0.0104325119305283
146,46,0.161499429845422
98,10,0.0692825158336539
75,42,0.0033334703706335
59,24,0.010481451213373
87,10,0.0669237409424766
46,24,0.010819860933221
46,46,0.1454573023016235
194,23,0.0217980378315919
47,3,0.0269111461828157
52,10,0.056112321282189
178,22,0.0149225396114003
53,3,0.026911146291287
184,22,0.0153397381696278
104,23,0.0203227032101836
56,35,0.0153282413739569
31,23,0.0224130381723646
27,23,0.0224130404343383
49,46,0.1461518579940046
41,23,0.0214959449787202
40,23,0.020902382282146
112,49,0.0566923176031297
66,23,0.0221037273449369
22,43,0.0362798286245179
192,46,0.1729066355784363
87,3,0.028010955165605
87,43,0.0293186096047862
34,10,0.0775620195678213
75,3,0.0266709582169195
191,22,0.0167004509339206
113,3,0.0293891344704954
17,10,0.072868867625579
129,3,0.0290409573481813
7,4,0.0197045997572573
9,10,0.058304943212576
109,45,0.0984319097130212
51,10,0.0663315095443255
150,23,0.0240719595514907
111,8,0.0641130252336654
46,3,0.0266709582165805
159,3,0.0313249860316071
2,10,0.0662865786391942
96,43,0.0283866989185289
192,13,0.047318405745884
55,42,0.004811964634494
180,3,0.02835206327973
10,24,0.0128094028024974
194,47,0.0061665808288008
198,1,0.0071473845911263
67,10,0.0583052563231809
5,3,0.0293891344790389
3,3,0.0293891344914838
75,6,0.0638648971454528
80,6,0.057144517833049
90,14,1.392432836892663e-05
180,1,0.0070370078655013
158,18,0.0210144313511039
128,13,0.0456704660050646
80,10,0.0706133963703553
76,45,0.0820031067589018
38,24,0.0104817048554426
138,34,0.0043448459556608
124,45,0.0927904589086008
100,10,0.0751834194333782
78,18,0.0210144953831244
26,5,0.9741949668527964
82,46,0.1897366537537268
3,18,0.0260086687510877
118,34,0.0043525859420011
120,34,0.0043642269348131
70,29,0.9999646033943717
155,45,0.0820543721572485
198,47,0.0061416321503272
99,42,0.0050144394612035
12,17,0.0458656094923428
127,6,0.0621653912130117
190,16,0.999999999912609
150,49,0.0629518337620955
168,24,0.0134757259519828
5,29,0.9280120525729764
144,46,0.1672704014123055
190,28,0.8897207407258586
183,24,0.0108354706966853
187,24,0.0121603497970167
67,9,0.0242105352009366
197,24,0.0110163027737114
180,28,0.7881955083563095
48,40,0.0135219876137308
159,43,0.0257493172719362
10,25,0.0139179015955454
148,10,0.0684195326484296
146,10,0.0728690783962602
132,16,7.46565570460718e-12
143,37,0.0110723239088036
149,10,0.07518223205602
136,42,0.0046178416710611
90,16,1.5386893831715815e-11
167,12,7.315700705810759e-05
48,45,0.0769533929576896
32,46,0.1733069201965177
85,49,0.0635929500505333
57,49,0.0633775373644634
122,28,0.811583718820949
71,40,0.0154468177616333
29,26,0.0130026691996629
96,31,0.1054851949270513
104,28,0.8733518940257033
13,47,0.0061541503439618
165,6,0.057144517090634
14,6,0.0563200133372784
92,8,0.0655949380162051
183,31,0.0912539768375013
51,28,0.8733518940257033
180,33,0.0363058932130505
0,32,0.1023147909152948
9,32,0.1010758638859216
10,1,0.0070370078672804
143,26,0.0116599126027247
132,40,0.0133629887824617
63,32,0.1010758568808878
182,42,0.0050144394612036
75,32,0.1031699154431358
173,5,0.945591150453585
150,40,0.0132801437522354
190,42,0.003465814897013
79,12,0.0001124626093181
5,46,0.1687672842216109
134,32,0.1031699174265486
40,27,0.0175289595778087
42,33,0.0344631133830782
122,15,0.0008534742217332
18,33,0.0392257602321548
58,45,0.1163757879385129
76,24,0.0117822177302555
89,10,0.085967536614467
131,5,0.972763696363148
90,10,0.085967451231896
96,10,0.0859675768408525
99,10,0.0664419526087948
189,3,0.0311505027257802
107,43,0.0260869752756104
11,46,0.2181880295614792
4,16,1.3209518398421832e-11
8,16,0.9999998207526676
106,22,0.0182765716689315
140,6,0.0630664189339764
13,46,0.2181475407732612
125,6,0.0614400371039744
66,10,0.0789253533412581
179,0,0.0476609042492361
63,10,0.0703783145982688
181,6,0.0614399745535982
152,49,0.0694014825604591
59,22,0.0204122225624896
168,22,0.0190732239136025
6,28,0.8419064742010307
8,1,0.0077118670704339
65,41,0.0194351226289615
42,43,0.0311115196168026
68,28,0.8750670943926323
125,26,0.0092358984218047
154,49,0.0698292163365533
134,37,0.0119027487327659
111,16,1.6205434285508658e-11
33,8,0.0703080853930862
160,45,0.0500253511233962
40,10,0.0610397635178839
196,21,0.0544632321876948
14,41,0.0195625808262613
146,42,0.0046623045059951
112,3,0.0311505027262343
143,8,0.0713167712832485
172,36,0.0947322312877833
172,21,0.0544473826138701
144,42,0.0038754671304827
89,36,0.0925802772694319
29,42,0.0052205111000821
83,3,0.0314918571764623
64,32,0.109830873876107
71,1,0.0073887344564856
126,32,0.1114146131142282
156,35,0.0175564667404552
173,32,0.1118245282006069
160,32,0.1102185667313464
78,3,0.030476808267568
168,40,0.0142908529949512
144,35,0.0170853318298877
158,40,0.0145271777525466
5,5,0.967826860454344
173,49,0.0676112360277825
54,8,0.0711130822205758
47,46,0.21356697950418
197,49,0.0691905155148986
66,21,0.0573810452519041
124,42,0.0046623045059951
165,28,0.8257629645347966
115,33,0.0378413110224085
67,8,0.0717219304770414
132,33,0.0369558410792631
130,33,0.0400416089613144
19,49,0.068365989184161
122,33,0.0378412918799266
37,49,0.0679649887695606
30,9,0.0261351646853937
163,6,0.0697026886439478
75,19,0.004264748523031
194,24,0.0119599995766287
22,24,0.0114344213791887
125,49,0.0691905098908657
17,14,0.0001123148368092
142,12,2.7999750829491663e-05
14,14,1.575791734908927e-05
32,29,0.943109748096172
162,19,0.0043061891889095
191,49,0.0679650132525341
70,42,0.0063560226272934
164,19,0.0041827243243356
140,1,0.0069749784097249
155,24,0.0117823473913197
50,24,0.0123235192685537
175,12,2.799975085127997e-05
37,24,0.0117822176681927
159,47,0.0068050775313291
54,24,0.0114344213835388
141,47,0.0068175864317117
37,40,0.0142125627957712
151,1,0.0084455153465671
100,20,0.0039058305832988
44,20,0.0049863644622777
97,24,0.0128892691305676
83,42,0.0071611049712533
160,1,0.0067751778491179
104,24,0.0114344213825839
91,29,0.9999732215155464
101,27,0.0207096921152588
70,27,0.0208320535473032
99,24,0.0138014354086459
105,24,0.0138014354033639
104,8,0.0785220182503915
85,42,0.0058138843119478
108,24,0.014382776500357
85,34,0.005252113207766
34,40,0.0154548400752625
87,46,0.2372999822046308
111,20,0.0042157048051807
117,24,0.0141861397829185
66,24,0.013992373005019
153,47,0.0073921521489688
131,34,0.0051986291617432
135,24,0.0132451980992349
93,6,0.0664764096366265
161,4,0.0273135971345346
171,19,0.0046832846556113
49,40,0.0155325718633183
145,1,0.0080552194795344
142,24,0.0138014354031591
180,29,0.9549778611741354
41,24,0.0152644001962847
122,13,0.0506244761343205
172,12,0.0001946171171675
98,8,0.0778984832513831
47,29,0.9999760415697722
30,47,0.0073176610335854
65,46,0.2173595206054744
167,13,0.0504932333416209
156,24,0.0128877959470333
39,34,0.0052287849319962
98,4,0.0228121311611354
134,47,0.0073300407524273
97,8,0.0766975333600848
16,24,0.0134278888337392
6,3,0.0332399884729884
17,34,0.0052404304176901
127,47,0.0072929440295872
53,46,0.200199320585602
5,24,0.0139923730068417
28,35,0.0198218596858013
92,45,0.1108397142718741
185,23,0.0299002747126186
3,10,0.0727811065852819
123,40,0.0162458324400234
164,33,0.0459736582790674
44,35,0.0184133801490472
155,23,0.0302162528945809
169,23,0.0283751421326583
133,40,0.0156106122248485
53,19,0.0046625258956682
110,33,0.0449931723241766
142,6,0.0664763769571125
60,3,0.0319245925337816
86,33,0.0490456354570831
63,6,0.0737770378312486
157,28,0.8631462189299408
77,1,0.0078462273619607
70,33,0.0449932112300719
106,47,0.0073548427029752
57,8,0.0922580878512242
45,33,0.0469756367989141
35,42,0.0045624829820562
70,3,0.0316014973719074
25,33,0.0440337670384695
70,12,0.0001267075124889
135,35,0.0234852137481171
192,47,0.0073300407821854
141,42,0.0062695284119529
191,32,0.1185779383476578
179,32,0.1229344732670037
114,45,0.0899828618041325
75,23,0.029588001399474
84,47,0.0074170963119353
132,32,0.1225103024537079
16,49,0.0749916353794028
179,40,0.015911871559253
39,46,0.2037816790010027
99,18,0.0246189547533414
41,26,0.017623626740265
118,21,0.0585878964404729
40,12,0.0004558610610955
194,40,0.0154547658323475
82,32,0.1204756274115691
177,35,0.0188727572256847
7,47,0.0074170963119349
86,3,0.0339117011326905
15,32,0.121679418433297
3,9,0.0269701503900728
6,12,0.0001192024786017
43,1,0.0073444412735259
166,43,0.0365858129471016
87,28,0.8838568292251224
34,46,0.1966147553730589
69,47,0.0073797014433597
114,6,0.0672745882361955
71,47,0.0075080321177826
101,6,0.0737770387184668
33,41,0.0215284109496122
159,49,0.0737932238549531
25,1,0.0088562271272715
3,42,0.0044120051979928
44,39,0.000429565116541
53,39,0.0004243897425894
48,11,0.008153241762975
137,3,0.0322499746306749
138,16,0.9900685143118844
163,42,0.0054179237044688
93,16,6.760745833254087e-12
64,41,0.0212292055444592
186,8,0.0770954541257225
53,22,0.0332473576123173
71,16,1.5338450257357162e-11
120,6,0.0680760561307494
151,49,0.0756163304099472
129,10,0.0896669563423643
197,0,0.0518225083170309
182,27,0.0226353771392676
172,3,0.0352837505277605
168,3,0.0332399884730034
5,8,0.0774907204757144
7,6,0.0721319023588917
89,22,0.0337022533630016
25,16,9.765358849781923e-12
122,10,0.0850966201480104
22,16,1.062278057535947e-11
141,49,0.0739882068433882
187,5,0.975404864432201
185,3,0.034251112992002
149,22,0.0198439058890991
89,0,0.0518774415848549
29,8,0.0766984081109406
142,22,0.0204561913918763
83,0,0.0518065070663569
170,8,0.0765021231697956
112,5,0.9693983649664004
69,0,0.051806507144239
132,22,0.019945111649455
116,15,0.0009233042131115
167,5,0.9817220763427444
37,43,0.0345160469051042
133,22,0.0215015914404484
134,6,0.0730042264632218
106,10,0.0740408421212739
75,10,0.1031166401101569
145,46,0.2268024246800058
104,22,0.021200897405922
104,41,0.0228144213738875
68,10,0.0982347555009164
123,10,0.0958889291783134
140,46,0.2516180310329768
48,47,0.0080401259666739
167,3,0.0366361428894265
140,10,0.1006489269745054
64,22,0.0226503153213026
166,3,0.0353096187384975
31,8,0.0824819669596177
88,31,0.1186045649511015
145,3,0.0359682147579595
197,10,0.0871095169453197
19,22,0.0214010340504297
130,3,0.0343389662031405
1,42,0.0050947694663627
7,22,0.0221117011125377
154,11,0.009534658000876
190,22,0.0217036565179951
116,3,0.035637757590449
103,3,0.0369736434484175
104,3,0.0376557920501326
88,7,0.1724499490327284
165,21,0.0654689862728379
4,41,0.022896490547588
45,23,0.0307037427760651
67,49,0.0813911944759225
90,3,0.0359682147579594
15,12,4.851688583490311e-05
59,23,0.0278970328766271
23,10,0.0871103752229263
61,32,0.1327060539621625
184,43,0.0381320017423703
20,12,3.8634088693616616e-05
45,8,0.0826715449023187
42,47,0.0080533105937333
48,8,0.0842508315917751
67,12,9.550703321636108e-05
76,23,0.032854244558361
71,12,5.59231856850565e-05
64,3,0.0369736434484172
11,10,0.087109494930328
75,12,4.851688583490491e-05
91,33,0.0535440236843929
34,49,0.0815986381302573
84,12,5.592318568505887e-05
5,10,0.0871094993333947
69,43,0.0381320018652297
109,46,0.1998838740163636
115,47,0.0080276478427063
174,23,0.0304107956583199
33,47,0.0079654707987102
179,33,0.0451001957337468
114,40,0.017315722503089
73,49,0.0797988865129243
22,3,0.036636142944875
104,40,0.0173953457668228
180,49,0.0791843245193111
132,12,3.863408869361163e-05
90,40,0.0170001787094553
2,3,0.0380004700952196
56,42,0.0052583776902349
29,34,0.0056747723553669
74,40,0.017323573312639
157,46,0.2386742677719806
143,12,3.108294554383794e-05
144,12,0.000117855505652
95,6,0.0761899872495699
45,34,0.005667011342454
189,29,0.9999821743294444
141,20,0.0060124280442454
130,29,0.9643306897040672
65,24,0.0148860211023417
187,12,2.859824253914407e-05
82,34,0.0056515388828412
90,20,0.0056799893785158
75,24,0.0137999871067164
74,24,0.0154660845952336
65,20,0.0046240451374733
63,20,0.005427488803299
84,24,0.0139743910421675
0,13,0.0627479846173604
49,20,0.0045187705349198
147,47,0.0080276478427063
89,29,0.9999999999951388
18,20,0.0046240451374733
112,24,0.0143310069245339
86,13,0.0602539866753795
170,4,0.0264461035208357
121,24,0.0150765390032345
146,1,0.0088191998879767
143,1,0.0086080551282411
169,46,0.2306536649063924
127,13,0.0548974053756174
171,34,0.0056903441121867
131,13,0.0589224623569808
177,13,0.0586589596542925
125,1,0.0079063939553527
66,6,0.075388727301468
23,14,3.392509661745478e-05
167,47,0.0079654707987102
188,28,0.9160767444980448
3,35,0.0257778779356943
191,24,0.0145132945663899
91,19,0.0051030466253264
171,46,0.2470812523180397
29,35,0.020614000767772
102,1,0.0087130166174543
182,47,0.0080151839783563
162,6,0.0778021869546068
112,42,0.0042457696346267
47,19,0.0048774187089671
22,49,0.0807802332594971
17,49,0.0807802335224649
128,35,0.0220481513200968
91,14,3.7952336377543074e-05
100,18,0.0263553515278963
146,45,0.1119579266389479
121,28,0.9160767444980448
35,46,0.2561607677180993
110,39,0.0004571972776517
197,6,0.0794273272542695
140,14,1.380719161409563e-05
5,37,0.014159699162017
38,37,0.0143483588894189
189,16,0.003944559990837
192,6,0.0794273238237758
30,5,0.9794618744500186
150,16,0.002094052539892
39,6,0.0786131341847834
117,26,0.0182553297547866
25,28,0.9475088402323898
29,46,0.2386956476349981
19,15,0.0009189735118179
168,42,0.0042457696346267
196,27,0.0224120069741568
110,49,0.0801859841629348
176,8,0.0826710776000355
49,16,1.3330072820009435e-11
68,15,0.0009010450386501
125,0,0.0560900785905785
190,46,0.2306093861089421
14,16,7.862324809025654e-12
13,16,1.457223715808661e-11
85,5,0.9922169835731334
148,27,0.0245687156111433
121,0,0.0560360966986226
189,15,0.001003705156139
134,27,0.0240117070283497
182,15,0.0009937081990639
162,48,0.0123775638821434
109,48,0.0124866400841225
106,27,0.0229335955845333
153,46,0.2250864883651983
181,3,0.0396600973229212
150,42,0.0047327083637519
167,42,0.0044841705966305
59,0,0.0602680960761335
3,0,0.0602300427960654
101,1,0.0097938880841198
119,1,0.0085566838429674
128,42,0.0061916067022938
81,49,0.0873563384898045
168,1,0.0094682940795274
171,1,0.0091538081752763
172,1,0.0087511313153551
76,42,0.0057882242139893
19,10,0.0876653457456138
26,10,0.0956440616781057
39,10,0.070589127851512
45,42,0.0047327083637519
47,42,0.0080498881399556
95,10,0.0999709222326007
109,10,0.0977783211414916
110,10,0.0768791662375025
114,10,0.0768797338328242
188,41,0.0251575717145574
181,10,0.1118538913952696
166,41,0.0246058499059153
100,43,0.0330254930657411
131,49,0.0859382557618103
106,43,0.0369676606849491
65,12,2.9607402141514587e-05
9,12,3.964322803997302e-05
100,12,4.390670021797681e-05
140,12,7.95593875726266e-05
118,12,7.955938757262658e-05
129,12,7.955938757262658e-05
1,13,0.063068004315142
26,49,0.0867532890738756
182,12,2.8794134366659e-05
71,13,0.0622975435879682
79,13,0.0607948022297238
89,13,0.055277689644916
191,12,0.0001188644851077
197,12,2.960740214151452e-05
38,9,0.0307314763395143
99,49,0.0875610975661645
9,41,0.0246892492226791
147,40,0.0189369843931052
120,40,0.0181472303840413
8,9,0.0324804340164059
53,40,0.0181476678241074
64,40,0.0187766637310723
4,49,0.0855452649416812
29,40,0.017916013125955
52,15,0.0008370252411745
11,40,0.0183911142152184
183,8,0.0897757718560947
138,4,0.0278751693396661
64,15,0.000837025241174
73,15,0.0010249760411989
177,48,0.0141447009890015
178,8,0.0893861924441232
180,48,0.0142580234453201
194,49,0.0873563385046316
197,39,0.000490492222042
6,4,0.0284188571184672
16,4,0.0257905837953974
167,8,0.091194533665214
98,48,0.013153558494355
26,16,1.5137246560848517e-11
35,16,7.556542328614853e-12
36,16,1.0969686646368259e-11
55,16,7.195495268569592e-12
70,16,2.5168769333694e-07
43,16,3.741034347263565e-07
16,5,0.980572071557557
74,16,1.3895082222772747e-11
159,8,0.0909861147632718
120,39,0.0004925296935864
122,16,8.95039045002603e-12
100,49,0.0883992906911024
89,17,0.0777404315033788
139,8,0.0907802011773726
98,17,0.0847906862961182
126,18,0.028658106542865
13,18,0.0369831733573218
75,18,0.0305583303661728
132,8,0.0903732169956677
192,45,0.1478020338282557
121,8,0.0911941480315055
46,19,0.0054198264364296
0,46,0.2456604732324895
120,8,0.0911941729707575
151,19,0.0052970684932186
106,8,0.0911938836730044
79,20,0.0059509374385941
18,46,0.2616568775996555
112,47,0.0085128896328671
64,8,0.0891931902344989
75,37,0.0151701448403567
198,35,0.0209710327533608
91,36,0.1180458781511918
75,47,0.0086118540789329
150,35,0.0268906690670935
74,35,0.0257948466369595
65,6,0.0817789110833704
59,35,0.0232528688891322
62,47,0.0086118540789329
67,22,0.0241727720799924
30,8,0.0909863712389052
124,22,0.0239613964488653
109,49,0.0869524519423957
120,22,0.0226501766115493
182,34,0.0061286593079966
26,8,0.0893857066235127
179,22,0.0232485757336024
87,6,0.0841728636788072
129,34,0.0061286593079966
188,22,0.0236545663706206
101,34,0.0060590019280032
105,34,0.0061169983715281
84,46,0.2315272311047371
57,23,0.0327586220512997
68,23,0.0330501523775426
81,34,0.006101447006831
8,24,0.0141973507985904
14,24,0.0143614028279903
64,7,0.1843403561833068
115,24,0.0157646953724655
136,23,0.0330501523879372
154,24,0.0152582867364205
22,47,0.0086372891375507
188,24,0.0150423670112765
195,24,0.0157646953724266
198,24,0.0141973507985643
12,7,0.1837640925616513
18,34,0.0061286593079966
45,26,0.0189195381070895
128,26,0.0179701699650536
129,26,0.0209322989917676
131,26,0.0175091376769323
62,33,0.0492078351748878
171,33,0.0559770828846055
185,33,0.0457791185816573
189,31,0.1308482918913009
35,32,0.1411674180755002
96,32,0.1395974507939259
196,26,0.0135980331190349
13,27,0.024692251425226
196,46,0.2574528571746153
166,31,0.1308612782276836
49,27,0.0254031615130711
79,27,0.0243445334267291
12,28,0.9161781049465982
136,27,0.0261351487394331
182,46,0.2703214701247508
119,6,0.0817789110572447
127,46,0.2494996287195404
89,28,0.9067171237510075
181,28,0.934492264928892
187,28,0.91308037457144
124,6,0.07941369482376
89,30,1.2519482224469467e-05
151,3,0.0397031687588137
29,3,0.0386602731987442
122,49,0.086952450594167
76,1,0.0096840990346146
86,1,0.0086533441782555
40,1,0.0094682940795274
183,0,0.0602068151755665
139,0,0.0601674306061859
66,1,0.0095914621067354
170,3,0.0423111084361871
8,30,7.87437224882111e-06
32,3,0.0433265904843654
137,42,0.0057984225707111
127,42,0.0066887756712276
83,49,0.0923184745606993
109,42,0.0053477019365934
103,42,0.0059617994694926
136,1,0.0101089481967102
102,42,0.005974032048135
101,42,0.0098497819213633
89,42,0.0063099732584551
88,42,0.0061322161142971
54,10,0.1021847596181314
197,1,0.0094915119922511
191,1,0.0103244741166485
194,30,4.342034459141616e-06
71,42,0.0056417967941602
67,42,0.0066887756712276
60,10,0.1064496323069974
130,46,0.2932943733390081
182,28,0.963323197705294
44,10,0.0962071645341992
115,10,0.1036973655888189
86,10,0.1206963535141163
4,42,0.0054916451721074
0,42,0.0064953842760262
138,28,0.9252172632747352
131,28,0.878575093746173
124,28,0.94466397347605
75,28,0.9583933054974332
117,6,0.0857079899180076
121,46,0.2504833416287364
183,46,0.2932904857982053
171,27,0.0269874099268098
192,41,0.0264813011991093
171,11,0.0065628421829329
132,11,0.0065628421829329
41,11,0.0097834198360076
198,10,0.1132908555725737
179,41,0.0265651999912016
33,12,8.032497048374737e-05
188,31,0.1528662771791707
112,27,0.0266332533779958
67,27,0.0280814672201768
38,49,0.0886090926878343
54,12,6.745938970510771e-05
61,27,0.0284569281469246
142,33,0.0494075944030514
37,33,0.0616421229136696
65,32,0.1520266497001171
46,32,0.1504024279243182
3,34,0.0065282384390391
125,41,0.0269494349537656
95,12,3.1444964691139775e-05
151,26,0.0200945364359588
124,26,0.0196163933089438
101,41,0.0266073505424643
21,34,0.0065631579043948
16,34,0.0065631579043756
117,12,3.285775573003685e-05
189,12,3.1444964691139775e-05
25,26,0.0210790839664129
28,34,0.0065437168456003
37,34,0.0065670585667029
133,12,4.4672337724569856e-05
52,34,0.0065514808360972
21,7,0.1934043867061408
179,12,6.745939123052482e-05
162,43,0.0333194473696224
159,24,0.0162683144411693
194,12,3.037306154537507e-05
88,13,0.0698838530144479
115,23,0.0360050068168091
29,24,0.01508756208504
5,41,0.0267346114651311
34,23,0.0381855484396235
104,34,0.0065437168456003
170,23,0.0345542828266455
130,34,0.0065592613980951
124,13,0.0690815492338825
161,34,0.0065243791399318
72,46,0.2761430546376933
132,34,0.0065475967716025
186,22,0.0241889200774072
157,40,0.0196750041639726
166,22,0.0251861307107786
79,14,4.019787191191707e-05
138,40,0.0191348828453986
158,22,0.0266576163902339
122,22,0.0250849662348688
103,14,1.5197288811260562e-05
60,40,0.0205673785157601
108,22,0.0252876196546777
63,46,0.2052279856025845
26,35,0.0230637543551558
195,34,0.0065475967716025
85,40,0.0202294620670113
79,22,0.0243858138094386
88,22,0.025915548305612
25,40,0.0191348828008642
90,35,0.027435950105906
65,22,0.0241889201398936
197,14,2.699419258902108e-05
49,22,0.0243858141578054
172,8,0.0974856646487031
41,46,0.280234162788003
37,22,0.0249841253701708
175,21,0.0776990278038655
12,22,0.028070225597133
189,21,0.0741118634340101
183,21,0.0730892851531526
161,35,0.0222024195340409
86,4,0.0257913482402692
78,47,0.0094205952814478
117,15,0.0011319003488718
168,15,0.0009863815842338
145,21,0.0780756057205139
195,15,0.0010563414243854
35,37,0.0165527750543943
26,37,0.0161776159872115
164,8,0.0974857026024573
167,39,0.000525791920435
145,39,0.0005263005964004
61,16,8.055879792236982e-12
89,21,0.0734330111905419
82,21,0.0762251387997754
79,21,0.074111746294466
91,21,0.0758649418394592
63,8,0.097485681663255
127,39,0.0005278414773368
111,39,0.0005252836811401
188,20,0.0051050870777818
117,47,0.009083839340248
170,16,1.7042115517543218e-11
24,6,0.0864869810736863
177,16,7.375750744658146e-12
28,39,0.000525791920435
35,5,0.9925890129201372
169,20,0.0067311469839817
168,20,0.0055211625692329
151,17,0.0820988736195604
29,19,0.005616991614762
86,20,0.0051050870777818
81,20,0.005857426511581
130,20,0.0056308632103385
44,38,0.019251817575931
32,19,0.0058832422114323
51,20,0.0065981966544761
27,19,0.0058000378968631
61,19,0.0057179787815844
166,19,0.0056976411102605
183,19,0.0058832422114108
67,5,0.9912236828991248
164,45,0.0983988296070261
74,5,0.9997069878836652
157,47,0.0091083810595204
136,19,0.0056370492896739
86,49,0.0929027817840816
46,1,0.0090087720828271
34,1,0.0104341212325583
121,49,0.093913365948888
147,42,0.0054916451721074
175,42,0.0052097120798213
76,0,0.0644208980133897
40,0,0.0685444948840591
15,43,0.0349761092080845
193,42,0.0072194330787644
4,1,0.009549396047568
0,1,0.0105309555881702
114,8,0.0989121546723158
151,5,0.9990082355941078
115,8,0.1025378310464856
165,47,0.0098756208152934
135,19,0.0062227189813031
107,8,0.1035414918624064
84,38,0.0197626728540995
176,19,0.0061401525877859
105,8,0.1011714190452402
179,5,0.9976633390336472
0,6,0.0903537416517584
57,20,0.0062388932156307
120,20,0.0057955899294158
118,20,0.0062388932156307
133,20,0.0066719762705707
105,49,0.0990286399926022
12,18,0.0313153215740054
25,39,0.0005667040990526
166,20,0.005388634183455
38,39,0.0005600428194362
32,39,0.0005646284609453
31,39,0.0005610587900283
26,39,0.0005615674300966
197,47,0.0098009600741204
35,6,0.0967039921412017
119,16,1.2767744513693106e-11
78,16,7.535054840824999e-12
103,39,0.0005666779285553
133,39,0.0005646284609453
57,21,0.0824828143116291
39,16,9.891026591780813e-12
83,48,0.0161017583057721
64,16,1.1152569379084024e-11
43,6,0.0858188586356305
93,48,0.016442329450096
158,15,0.0011054118923868
87,45,0.1103232338530915
128,21,0.082113285819144
189,35,0.0348856938870405
137,48,0.0149020189790314
162,35,0.0279923060892346
100,15,0.0009567148832291
93,15,0.0011054118923868
171,21,0.0789328448886713
167,21,0.083232059202121
195,21,0.0799644024520729
145,35,0.023403321914954
130,35,0.0269934851260558
119,35,0.0301236249589728
149,4,0.031166248535348
108,35,0.0306856571547056
72,22,0.0265076355284875
190,8,0.1035414533446499
181,49,0.0964810508919335
58,22,0.0261100924354029
54,35,0.0255738129321524
44,40,0.0217591320136554
33,40,0.0204979118081145
75,22,0.0264077716164761
74,22,0.0270117801332506
188,48,0.0152217342985756
19,35,0.023403321914954
124,14,2.1886491646080703e-05
46,40,0.021433636662593
111,22,0.0265076356269166
121,22,0.0270117801239643
86,14,1.9078394472352023e-05
108,40,0.0209605208860707
100,40,0.0205742933300886
119,14,1.4715352331379022e-05
155,22,0.0257176144353421
46,14,1.7944519578352737e-05
40,14,1.53608882106014e-05
101,23,0.0399156606690559
199,40,0.0215140753693085
98,34,0.0070016402524659
7,24,0.0182621354541739
161,49,0.0976952475154063
151,24,0.0171238770382652
24,49,0.0992262732982988
53,34,0.0069128344679827
34,25,0.0290297194263437
16,47,0.0097024633924767
41,41,0.0285258328387111
33,34,0.0069551463444824
74,41,0.0281064932621739
182,25,0.0249296344708147
31,34,0.0070055416596296
25,34,0.0069589981589412
81,26,0.0217771417319706
135,12,2.95236749502249e-05
136,41,0.0285258328017019
191,6,0.0895901781895827
124,33,0.0663181383474318
49,33,0.0652351434329408
118,46,0.3071353328832824
195,31,0.1632324541604284
125,9,0.0364619400721701
47,27,0.0300349298913686
119,46,0.3115570757862608
164,31,0.1412667392659674
120,27,0.0304117598925749
46,28,0.9489938108670612
197,41,0.028654263688295
109,31,0.1572941020202965
177,9,0.0368136865324942
127,10,0.0975273176356619
180,10,0.1221502540003283
177,10,0.1270790915567745
171,10,0.1221502539209685
157,10,0.1152272390229694
74,28,0.9638339129398472
69,31,0.1516627741740082
151,28,0.9602274780311923
146,28,0.9752600062273696
25,42,0.0061280917651234
15,42,0.0079327691922994
137,10,0.1068211283636806
29,31,0.1652818893026162
169,28,0.8817908595589733
41,10,0.1010914480484173
41,42,0.008508198338765
67,43,0.0349761092100485
198,28,0.9431718440529584
168,46,0.2570094279927392
90,29,0.999989482209452
153,6,0.0858188586353494
150,6,0.0918902194503323
104,29,0.9999894822017176
8,3,0.0414013893629216
1,10,0.1029490173500937
164,29,0.9999910229935453
144,30,2.3181931144841188e-05
91,1,0.0105309555881702
48,43,0.0461343899872434
162,1,0.0109565328433853
156,1,0.0104276041892191
33,3,0.0477262794492746
147,3,0.0449272960808593
95,3,0.0410942302403871
122,1,0.0107412821578021
82,3,0.043938415044102
88,30,1.0824579915831576e-05
16,1,0.0108482849786553
59,1,0.0105787798515544
184,9,0.0355507977563757
136,0,0.0725974442711048
181,1,0.0113003208388851
0,10,0.1386862278553465
188,9,0.0355507977563758
55,47,0.0105808711903707
79,47,0.0103073751007403
88,47,0.0102951412230835
16,12,4.885056118347324e-05
110,11,0.0087592178792235
155,12,0.0004282422292195
178,12,2.914107833729039e-05
15,47,0.0104676953670411
49,47,0.0104806896732066
38,14,3.436677351494303e-05
6,47,0.0104562392950407
39,13,0.080466314035595
64,13,0.0856399092903145
110,13,0.0821343006223579
20,9,0.0396481692033173
85,46,0.3295883429162427
131,14,1.6891689234551988e-05
44,43,0.0500420287537133
1,45,0.1460988251421928
60,45,0.1313970128967407
70,45,0.1945008850711494
162,45,0.1876681148473093
172,14,1.4942260773447936e-05
178,42,0.0073330294377927
34,43,0.0638876485793244
110,14,1.7747233115307217e-05
50,42,0.0067347970864059
74,42,0.0071398888498704
96,42,0.0059936959313512
108,42,0.0051408690757087
137,15,0.0011363366719365
127,49,0.1055262656408372
159,15,0.0011025016715359
146,17,0.080632688966359
65,19,0.006646669495084
40,19,0.0065224844179066
22,19,0.006625792296758
45,20,0.0066119248042057
169,19,0.0064209510062557
179,20,0.0083033990916528
42,41,0.0304877601683634
80,8,0.1095710444944413
84,8,0.1097743015771699
195,40,0.0215494403122096
81,21,0.0800524569835404
146,40,0.0223155975348409
134,21,0.0880052820848767
46,8,0.107798763388296
26,40,0.0215494412819875
27,40,0.0217762816071215
158,4,0.0309913835682863
190,39,0.0005983403587869
135,4,0.0309913835682862
23,22,0.0288319352129669
41,22,0.0288264943298606
48,22,0.0283236611381624
50,22,0.0276262743593601
101,22,0.0274306864963469
56,22,0.0276262743564652
82,22,0.0277245397279407
4,8,0.1072650686930212
160,22,0.0285221197942624
98,23,0.0423050689359607
197,23,0.0411108203606737
2,24,0.0192309637657248
167,26,0.0215663023254067
24,39,0.0005947696691157
72,26,0.025030942481271
20,28,0.962043294315305
167,6,0.1013412632012787
23,27,0.029667293674
14,29,0.9999941076241172
54,29,0.9999928578865204
91,28,0.98085767487898
88,3,0.0449319972972991
144,29,0.9999941476518496
16,3,0.0433936007614132
71,3,0.0481765752802392
132,30,5.426762052880016e-06
132,6,0.0919384302130376
4,30,5.872221213340211e-06
29,30,4.218279145473215e-06
38,31,0.1695930681004062
43,31,0.1695924576783623
121,6,0.1018296739176198
100,6,0.1026123141542843
177,33,0.0668049311801729
116,34,0.007416880463893
69,34,0.0073975559944197
74,34,0.0074052734232909
89,34,0.0073667975477901
190,34,0.0073398439529455
176,34,0.0074014126519411
117,35,0.0290508272549441
45,35,0.032601191006692
31,35,0.0245745631189263
83,37,0.0181096478267663
100,37,0.0183321584312554
124,37,0.0182949902362693
197,35,0.0301436886722585
167,36,0.1361070516080332
60,37,0.0184438629315526
38,38,0.0219880063642927
25,38,0.0241989376873924
195,37,0.0186307051173821
119,10,0.1360957475885042
126,10,0.1197418512434865
156,10,0.1287157680829128
183,47,0.0104065813308829
190,47,0.0104676953670411
12,1,0.0112597755270626
34,0,0.072673004072113
27,10,0.118621885641199
25,10,0.1091092997726548
20,10,0.0877202436624168
6,10,0.1244898775679655
131,22,0.0311964829120941
123,22,0.0298380301997389
119,22,0.0295250045301755
144,22,0.0300226274353971
141,22,0.0289382889714805
38,4,0.0300300743623165
60,47,0.0109230760270398
78,12,3.9843573471667646e-05
154,39,0.0006355749765266
90,47,0.0109353229747146
63,4,0.0328095356226716
180,12,0.0001226661043369
171,12,2.92059898966584e-05
161,12,5.16476371662532e-05
137,12,3.4213806043939066e-05
76,12,3.421380604392715e-05
72,12,5.905389063983026e-05
194,22,0.0300226274361324
115,39,0.0006335310705316
137,24,0.0189624955663645
157,23,0.0435402710353736
98,9,0.0370200625478507
104,13,0.0803550897545218
3,47,0.0108742280823842
18,22,0.0291326076859019
122,4,0.0353537775038134
112,4,0.0348274443986616
173,21,0.0868576422955598
166,21,0.0899436484687385
43,8,0.1136622097795097
86,39,0.0006340413889721
79,39,0.0006355749765266
156,46,0.3029796584943046
101,46,0.3473857018726187
32,26,0.0242324701769567
120,35,0.0310759784168166
178,35,0.0286728251172058
175,35,0.0310759784168166
13,22,0.0288415962624482
177,24,0.0187924394366653
107,39,0.0006330211901699
127,14,9.711307660064792e-05
159,35,0.0326471746128353
194,4,0.0369874986704707
56,6,0.1009160215534965
19,46,0.3348121880275957
3,46,0.2587554766989635
113,43,0.0393613797419712
62,43,0.0435495540598942
96,26,0.027894694208115
9,35,0.0337522909262517
185,42,0.0072568144060676
193,34,0.0078477817482294
181,14,2.707990921998961e-05
149,14,2.707990921998961e-05
158,14,2.20685322156116e-05
114,21,0.0935223376249586
113,21,0.0861708072375475
28,15,0.0012907532727625
140,42,0.0072568144060676
92,21,0.090264275087824
74,21,0.0899183251106652
177,6,0.1077677075482393
163,40,0.024056699275154
156,40,0.0240566992783401
107,34,0.0078749568094329
141,34,0.0078477817482294
179,27,0.031626541497813
142,15,0.0013287092540128
88,6,0.100916021553346
106,34,0.0078400546203889
125,34,0.0078400546203889
77,15,0.0011345799041315
39,42,0.0061586501627993
55,21,0.0899183174806462
6,39,0.0006325117475112
172,6,0.1212225174999465
0,41,0.0321486918775453
182,40,0.0251484480720035
107,42,0.0057787294022355
61,42,0.0059000559512856
42,42,0.0095529741995596
102,28,0.9827526661764416
94,28,0.9436690172714228
185,20,0.0077158174798512
182,31,0.1879989325511986
46,34,0.0078439161248355
167,20,0.0063265464154974
16,16,1.557039903341199e-11
73,16,8.551730091698098e-12
77,28,0.9827526661764416
155,28,0.9804185805296068
161,41,0.0317697960461962
160,8,0.1129428441882124
134,16,7.80026669331831e-12
68,29,0.99999495096161
166,16,1.557039903341199e-11
186,41,0.0321486918768607
180,41,0.031936852844393
42,31,0.1879989091872311
61,41,0.0316870633481881
59,41,0.0318948886898945
88,18,0.0355406302970921
146,18,0.0404732138236479
105,18,0.0411465976383131
28,20,0.0078484688476441
194,19,0.0070090917695112
0,3,0.0497292174408913
154,30,4.23124787437002e-06
134,19,0.0068650705035231
78,19,0.0068869921197317
179,39,0.0006371125203425
13,6,0.0979505943343197
45,38,0.0254741619353062
124,10,0.1244898775654135
111,1,0.0117716600585579
118,1,0.0116685676971785
57,1,0.0117716600585579
183,48,0.0192047783946706
90,1,0.0141718293698381
14,1,0.0111301662383051
109,8,0.1221499107189838
110,19,0.0071746238397066
168,19,0.0072902920872736
137,19,0.0071488542865441
77,19,0.0072902920872736
78,41,0.0335589194900493
25,30,6.029984121533491e-06
1,30,6.029984121533491e-06
43,20,0.0075692023599384
55,3,0.0479071107482263
179,29,0.9999962702378198
167,29,0.9999999981124852
152,3,0.0482029882886596
88,41,0.0339376543750373
130,8,0.1200291391437038
122,20,0.0071075571834291
48,41,0.0336421462117958
91,18,0.04597474348673
142,20,0.0076909105128266
134,20,0.0062947022292337
36,20,0.0065833419170866
5,17,0.1025176797559281
183,16,1.4777226159964918e-11
97,31,0.1982678478708446
116,41,0.0334350704508034
141,16,8.574348242924362e-12
101,16,9.395557712811778e-12
3,21,0.0964579516891849
45,16,8.864345226460248e-12
27,42,0.0081252328151696
194,41,0.0339382763740483
191,41,0.034023303202608
90,8,0.119485161900776
61,34,0.0083136885544497
82,42,0.0056320922235512
69,15,0.0013733045817523
155,34,0.0082710676288958
42,15,0.0011360093500098
35,15,0.001231063684632
62,15,0.0011666581244207
106,21,0.093706466041845
45,40,0.0240825490097529
22,39,0.0006692097892822
94,40,0.0241574893894737
18,35,0.0280135075958675
89,14,3.564519981285729e-05
152,42,0.0087279816119074
15,9,0.0391117539235799
33,46,0.3411319958580108
66,26,0.0297093720416508
130,21,0.0957513217019564
182,21,0.0986558049887537
53,26,0.021469615061282
106,35,0.0381031977236082
182,24,0.0208300503728618
69,39,0.0006717677857893
87,37,0.0202884305262457
100,46,0.3565543968552594
72,14,1.8170160215578326e-05
67,14,1.6220736739135577e-05
135,37,0.020436124424547
36,14,1.7427004314782724e-05
144,23,0.049068948457868
20,25,0.0243848656353858
5,25,0.0339504925245958
174,46,0.3486268787631881
39,14,1.7427004314782724e-05
112,39,0.0006707432689026
24,24,0.0194411749074222
43,47,0.0115741023734975
31,6,0.1128351334380994
177,22,0.0303400520495961
42,8,0.1200291377088604
91,12,3.055253280249683e-05
69,4,0.037656745691073
196,39,0.0006641266311915
67,47,0.0115008756257039
0,12,3.078250791691308e-05
157,22,0.0333611435713903
154,22,0.0323249489641309
169,47,0.0115495682279723
176,1,0.0115887171276655
152,1,0.0111301662383051
105,12,4.221109812736675e-05
91,20,0.0064620447501367
128,10,0.1490675233063003
196,47,0.0122608306933618
137,22,0.0317336756602824
66,49,0.1238817816053553
38,29,0.999997081081603
46,22,0.0335968348685168
73,22,0.0326010306667741
21,43,0.0575782121530192
42,35,0.0373455222452766
130,38,0.0280438373283954
78,39,0.0007002757621005
188,21,0.0978596911970964
161,21,0.1005332874482762
117,39,0.0006992626911148
135,39,0.0007002757621005
0,8,0.1254635476465375
189,41,0.0358976224337292
107,15,0.001417167413917
120,25,0.0384004608547608
60,16,3.3228392316904616e-11
2,26,0.0309817938550763
171,15,0.0011546006871061
51,34,0.0087603077935781
60,34,0.0087175878361232
196,15,0.0012937616494775
141,31,0.1826988105219696
89,35,0.0290715102796426
104,14,9.74695437365101e-05
31,42,0.0073133112488937
62,40,0.0260289554259084
63,31,0.1860044709636793
174,41,0.0358544742417147
116,31,0.2044192131323806
21,31,0.2064431836709661
163,16,1.1199527105888024e-11
41,31,0.2064432101329138
102,41,0.0356832495165457
11,19,0.0076350419380734
194,10,0.1561081542612412
154,46,0.3202030375159293
80,14,3.312273125570738e-05
86,41,0.0357258513371676
48,12,6.926151825223331e-05
129,6,0.1155568931845677
65,21,0.0994970352050698
64,19,0.0077788399891845
108,46,0.3484577654045966
82,37,0.0215016409242802
96,38,0.0284617067970228
49,30,5.292164833446585e-06
54,47,0.0122862194562378
140,47,0.0122732025459336
15,14,3.048320947362865e-05
145,37,0.0212807796674435
186,37,0.0212074227693806
164,46,0.3484576621169749
103,28,0.9867866854055868
81,3,0.0510051434446996
192,12,4.221109812736675e-05
15,38,0.026825788845174
143,19,0.0077373983283077
72,29,0.9999970909379352
128,20,0.0080395223417177
184,3,0.054087704439977
122,42,0.0057182012195746
180,39,0.0007079345761836
188,39,0.0006987568077813
181,34,0.0087330644347128
110,22,0.0339150296849245
156,22,0.0329946320261009
191,9,0.043126705671696
20,41,0.0371763775267688
28,41,0.036847966091443
160,20,0.0067158765690914
163,20,0.0069861802116281
176,39,0.0007389383182532
68,6,0.1234907019872785
128,12,3.150810748872694e-05
195,28,0.981890920666626
157,42,0.0099572694860158
119,20,0.0087610285935458
192,38,0.0287243323069545
108,38,0.0262123527793387
114,38,0.0301778704232623
168,21,0.1016178701600653
183,34,0.0091797226798506
8,38,0.029132172813111
162,3,0.0581599716265341
111,29,0.9999976777049367
193,27,0.0373742887912439
170,40,0.0278101266488472
176,40,0.0271873912280462
45,30,4.395335115930472e-06
17,13,0.1029083445377703
113,15,0.0012755915153744
120,15,0.0013892454277489
57,10,0.1654247892856998
14,34,0.0091218901371611
72,10,0.1679204128741566
43,38,0.0281235055427627
175,19,0.0080441727482022
120,19,0.0082489771247164
179,38,0.0269602467171144
63,35,0.0330330326276734
134,14,4.877136816569991e-05
183,15,0.0015167597735998
155,21,0.1029863266195553
43,14,4.413518809885333e-05
98,19,0.0082489771247164
95,30,4.290719127723022e-06
36,21,0.1020342411071508
63,26,0.0295805570169239
78,26,0.0257735361388428
22,21,0.1033095008843711
25,21,0.1026660745516694
73,41,0.0369674739364941
86,16,1.431416177013662e-11
12,31,0.1929847804437537
114,26,0.0290717847636792
73,14,2.341447036895799e-05
40,21,0.1088981966318324
113,40,0.0286061632201137
155,26,0.0276032330485115
81,27,0.0387907438291573
63,19,0.0082700800599785
3,38,0.0293383097084236
78,37,0.0226744469244472
171,38,0.0279261063012911
21,27,0.039718955991066
123,8,0.1313767904568292
72,37,0.0228224249252954
28,49,0.130899371202089
137,14,3.9114109890365394e-05
144,14,3.413661649308676e-05
141,39,0.000735886238061
180,9,0.0491863158311678
137,39,0.0007734990216782
5,48,0.0201913710681312
165,34,0.0094612803085988
20,38,0.0275216488384191
154,40,0.0289665261881584
127,34,0.0096070575136454
147,35,0.0388816369946177
93,17,0.1068578326150657
24,19,0.0083160913589773
155,8,0.1335653699267993
90,41,0.0387161806867297
108,41,0.0383850620851081
112,9,0.0472160356634489
39,22,0.0346836870124465
197,22,0.0349663511738126
148,16,4.4164138806106917e-11
84,21,0.104101654774444
98,38,0.0271564668862774
10,39,0.0007704497755756
185,26,0.0324884533887941
134,34,0.0095838833318366
193,38,0.0294276708452252
13,21,0.110769547928796
90,28,0.9928690877724916
4,40,0.030246251057752
15,39,0.0007740087587056
45,39,0.0007740087587056
144,16,1.7834563261001794e-11
114,41,0.0389631645902761
186,46,0.3967910404051557
65,34,0.0096070575136454
63,39,0.0007827360880514
50,30,4.888852948670111e-06
5,34,0.0095492320219953
130,12,9.93404560161204e-05
178,19,0.0087212050976577
80,12,4.246794758266924e-05
153,15,0.0012349670801542
199,33,0.0822816375372151
117,21,0.1077849376856979
194,20,0.0070504095046278
100,22,0.0353616887894195
50,49,0.1339775822568335
40,38,0.0316896543741815
68,12,3.1001882381116094e-05
163,30,8.421186875245482e-06
18,19,0.0084908418896862
174,35,0.0478184622521268
58,38,0.0292308010837543
23,49,0.1350881682762025
48,38,0.0297706519468859
197,26,0.0302889495273644
1,48,0.0207137812458765
74,1,0.0145320148743507
160,28,0.993186647133928
12,41,0.0412142108748851
41,34,0.0100499927255329
164,15,0.0015444808730685
155,31,0.2087627196510669
157,25,0.0384596146145905
109,21,0.1155301294582168
35,21,0.112265553799872
100,19,0.0089621445615892
138,31,0.2369375814520068
24,15,0.0012811023687335
83,28,0.9957767075486256
176,27,0.0442938213655238
43,19,0.0089000199725746
126,21,0.1180000257607483
6,38,0.0301535134164721
42,23,0.0579454014382152
54,16,9.759554046087549e-12
80,16,1.0078636033619956e-11
35,31,0.2201163767523017
109,26,0.0298207057183575
0,39,0.0008075188074556
180,30,1.9267199691831464e-05
102,8,0.1467387921533833
124,34,0.0100229366871292
3,31,0.2102978832343322
180,34,0.0099922617336367
22,27,0.0408414203723001
76,19,0.0088181853475965
78,14,1.7003071090662565e-05
152,26,0.0372757022583017
46,21,0.1151892903867127
134,22,0.0361444836119819
8,15,0.0014700362037029
1,9,0.0464725634033368
72,34,0.0105124896408665
16,15,0.0015344026470017
12,15,0.0014244645856277
43,35,0.0399379536016902
162,31,0.2450268586779369
58,14,3.195333285682945e-05
74,19,0.0087700843897575
172,22,0.0399058336438939
21,25,0.0414119301328896
21,22,0.0396069354820134
143,21,0.1206286917344042
149,19,0.0092486488627899
90,22,0.0390184680299207
87,22,0.0382512519109516
169,22,0.0389214856786597
60,38,0.0345186558350492
43,21,0.1218458246242321
49,21,0.1187986020913355
112,21,0.1267517922135212
180,19,0.0097216717035382
166,38,0.0339733043220219
47,47,0.0151321237909038
35,9,0.0511364262770719
39,19,0.0096190067785336
97,19,0.0099754458045776
169,38,0.0331836860634183
192,14,1.7184745856790016e-05
167,14,3.78867951399956e-05
185,34,0.0108859133401877
162,39,0.0008749597987913
43,25,0.0382816028952061
155,4,0.0480277271107665
197,20,0.0077576544696587
169,27,0.0495732613047825
33,21,0.1311366261531638
168,28,0.9993759974274103
99,29,0.9999992474255048
23,38,0.037372679991516
45,41,0.045645798390253
172,20,0.0103550934463536
59,14,2.4913241740271904e-05
10,31,0.22023952889592
16,19,0.0099501320694795
97,18,0.0579343482279529
177,30,6.2288001525200665e-06
106,38,0.037805057746448
116,38,0.0347438657853687
83,15,0.0017214465039322
142,42,0.0089543135628319
8,19,0.0108028635464972
112,30,9.726869284614551e-06
180,22,0.0472064746836749
64,21,0.1345321545889212
28,38,0.0376506562910751
157,19,0.0109001070324025
138,19,0.0110253769899588
152,38,0.0368118362139977
109,15,0.0015650748235188
153,14,4.196664472690554e-05
79,41,0.0494206530324267
84,14,3.542980305673952e-05
13,38,0.0377801494865929
167,34,0.0125820510377036
69,21,0.1440005248430066
21,21,0.1406507939286371
13,12,6.005489533618611e-05
145,38,0.0379740565158569
153,30,4.98194435248644e-06
42,38,0.0433720290434819
186,38,0.042098392144366
180,38,0.0450260674664386
122,30,6.834308622800071e-06
56,38,0.0432607891259401
68,38,0.0453129126578055
