domain,epoch,logloss,mse,mean_a,mean_b,mean_c,mean_theta,std_theta
基本的なファイル管理,1,0.6998328176979784,0.25335040944843007,1.0001407787197536,-0.010479903217613199,0.19476071325027514,-0.017812666728508873,0.04418429792681721
基本的なファイル管理,2,0.6899427488848776,0.24855275075382102,1.000641407880194,-0.020769612769161203,0.18959241919800232,-0.03529330916625677,0.08684987657164714
基本的なファイル管理,3,0.6807337855947021,0.24406383984906382,1.001441169292135,-0.030906199747419847,0.18449695228123322,-0.05250779012758684,0.12792966316949506
基本的なファイル管理,4,0.67217780751985,0.23987980812766804,1.002477646548945,-0.040909808903521576,0.17948533031438133,-0.06948907938696361,0.1673414390198217
基本的なファイル管理,5,0.6642028542361587,0.2359735317613852,1.0037020314736793,-0.05068822272699378,0.17462073042087245,-0.08608053414533517,0.20527563906796642
基本的なファイル管理,6,0.6567717957025812,0.23233234413080822,1.0050640438447374,-0.06028807020077552,0.16989546676961412,-0.1023609565025665,0.2417478186082344
基本的なファイル管理,7,0.6498616812100747,0.2289491122791625,1.0065130737959764,-0.06970984797449958,0.16532623985094827,-0.11833240283656334,0.27668122403804646
基本的なファイル管理,8,0.6438750916185518,0.22602412386007223,1.0080079466142757,-0.0789600590381313,0.16158201593326005,-0.13400491368856982,0.31013830161124334
基本的なファイル管理,9,0.6386687069604313,0.22348647489881976,1.0095131227913832,-0.08812119957696574,0.15851720031323513,-0.1495208740021555,0.34220254295089636
基本的なファイル管理,10,0.6346007532471517,0.22151064547398597,1.0109894291220454,-0.09710753712867301,0.1569547502059618,-0.16473218711500642,0.37287029237358993
基本的なファイル管理,11,0.631525536623234,0.22002237944389674,1.0124214724596796,-0.10603976111518205,0.1562115165316461,-0.17984617924675447,0.4023393740200149
基本的なファイル管理,12,0.6291993450309737,0.21889599997339595,1.0137627833172085,-0.11483416785914824,0.15518851075270362,-0.19471932230964217,0.4305762668521345
基本的なファイル管理,13,0.6271129709680998,0.21788696357448387,1.014985039529076,-0.12351760173181749,0.1540806535980425,-0.20939819334770227,0.45761518786255856
基本的なファイル管理,14,0.6255658512971796,0.21714341608294951,1.0160794200718353,-0.13206767477252035,0.1538165566030228,-0.22384517916392724,0.4835942008259267
基本的なファイル管理,15,0.6244417503154317,0.2166041515905839,1.0170203082998182,-0.14049328352368767,0.15412363485609828,-0.2380740913861914,0.5085547923157425
基本的なファイル管理,16,0.6236765410325998,0.21622837428174355,1.0178026966064062,-0.1488579950136069,0.15407188011593909,-0.2521945922241418,0.5325865613226121
基本的なファイル管理,17,0.6232088582059999,0.2159916456953946,1.0184055849125337,-0.15705719688379075,0.15412677906039052,-0.26602784460101003,0.5557667195389401
基本的なファイル管理,18,0.6229552924490338,0.21585489953039647,1.0188341111802515,-0.16517561923603186,0.15439415965449713,-0.2797192643135603,0.5781850142674315
基本的なファイル管理,19,0.6229163700788607,0.21581866002199435,1.0190621069791905,-0.1731427273121266,0.15495636419647868,-0.2931475564804062,0.5997846993015873
基本的なファイル管理,20,0.6232376907342374,0.21594758776598594,1.0190971482817055,-0.180999466177384,0.1556344802775086,-0.30638323668924594,0.6207156998064924
基本的なファイル管理,21,0.6236628408052628,0.21612086420052426,1.0189323383767772,-0.1887821787805051,0.15575067993293734,-0.3194883432762126,0.6410334373314324
基本的なファイル管理,22,0.6244355280547939,0.21645415504455315,1.0185487846400378,-0.19639492223484362,0.15596518388711542,-0.33229906919404145,0.6607625501553268
基本的なファイル管理,23,0.6251008090813925,0.21673387346869935,1.0179565268965503,-0.2038844658235306,0.1562456602591525,-0.34489571711233985,0.6799493227207323
基本的なファイル管理,24,0.6259943025955316,0.21711983612099037,1.0171451475842448,-0.21126267752474553,0.15645759757866814,-0.35729909371425966,0.6986303076188204
基本的なファイル管理,25,0.6268351370110427,0.21748320143304908,1.0161198524087889,-0.21848159558223762,0.15674802689952574,-0.3694256095869484,0.7168614692371279
基本的なファイル管理,26,0.6278347889080359,0.21792309957306247,1.0148796068750372,-0.22557360186994077,0.15753465922934562,-0.381331984522504,0.734631540599035
基本的なファイル管理,27,0.6288649452402754,0.21837486877516307,1.0134279146704674,-0.23255538483682342,0.15803456599223448,-0.39304682651681644,0.7519683770195682
基本的なファイル管理,28,0.6298335787647542,0.21880006024407778,1.011754909656382,-0.23940767970352517,0.1586149255575464,-0.40453665084038826,0.7689181651148679
基本的なファイル管理,29,0.6307863573087915,0.2192195134686686,1.009883349581656,-0.24616076575541623,0.1594829253774259,-0.4158537172647938,0.785552431603552
基本的なファイル管理,30,0.6317483104999992,0.21964435432639612,1.0078001600576232,-0.25278437689244415,0.1599187096163796,-0.4269465972355644,0.8018231746277824
所有者とパーミッション,1,0.6985710779343933,0.25270363601929047,1.000113732772662,-0.013104005366945946,0.19347812209083312,-0.017034109709468254,0.040005536659388684
所有者とパーミッション,2,0.6908083390463965,0.24893774107815583,1.0005686868486834,-0.025888605931659845,0.18713335373960785,-0.033648393374240394,0.07853900103490513
所有者とパーミッション,3,0.6836928818436961,0.24546891077293836,1.0012917431155959,-0.03848316790404745,0.18092315578194168,-0.050013144254675374,0.11559784230338345
所有者とパーミッション,4,0.6772115459560591,0.24229875895026967,1.0022101236017862,-0.050804732601860136,0.1749043837900963,-0.0660191237341961,0.15112153612680762
所有者とパーミッション,5,0.6713117788500368,0.23940796897935016,1.0032550125253552,-0.06292940052086884,0.16906458675080357,-0.08176619705711255,0.1851380563161448
所有者とパーミッション,6,0.6659820732968089,0.23679517099396158,1.0043554705113769,-0.07486887420072533,0.1634074314945775,-0.09726914423736079,0.21759124924725554
所有者とパーミッション,7,0.6619981718325684,0.23484308496853062,1.0054507352521305,-0.08661303494070216,0.15936416970863107,-0.112515817881921,0.24857356143347853
所有者とパーミッション,8,0.6590235902306388,0.2333897429233915,1.0064920386973404,-0.09814182521816237,0.1565790091547196,-0.12747888977194904,0.27823091674285527
所有者とパーミッション,9,0.6570128335798997,0.23241224893112428,1.007397498823121,-0.10961174741274761,0.1550406685004047,-0.1423626205177044,0.3063854791557479
所有者とパーミッション,10,0.655987623781592,0.23191508690928128,1.0081274082576204,-0.12103972302395119,0.15508074830571916,-0.1571896632077538,0.33327078776008007
所有者とパーミッション,11,0.6554888944308587,0.2316699053995716,1.0086292132299448,-0.13240783418294877,0.15564431857077238,-0.17193592651210574,0.35882757105791696
所有者とパーミッション,12,0.6557233688051213,0.2317651336067324,1.0088588934730927,-0.1437385488825097,0.15543353883878136,-0.1866317185319236,0.3832235231777822
所有者とパーミッション,13,0.6564459671962533,0.23208905077459732,1.0087612102809898,-0.15491661183672162,0.15560761240718218,-0.20112562281330373,0.4065541541514287
所有者とパーミッション,14,0.6572124772865874,0.23242617940660584,1.0083188920222546,-0.16600296190658137,0.15557076367792477,-0.21549866734856235,0.4289072036030525
所有者とパーミッション,15,0.6583751778073157,0.23294881021384536,1.0075251589020282,-0.17683896238338492,0.15636248657086124,-0.22954250289591627,0.45045780242343636
所有者とパーミッション,16,0.6597337087950603,0.23355791941863122,1.0063529743756647,-0.18761051769445453,0.15749873362840505,-0.24350116375522612,0.4711863844912113
所有者とパーミッション,17,0.6613611092976718,0.2342872396537333,1.0047905075622723,-0.19824135541438104,0.15854254671568085,-0.2572750492381206,0.49117698272948135
所有者とパーミッション,18,0.6630152575611167,0.23502393323729381,1.002835135740508,-0.2087727408009792,0.1600817525499525,-0.270916894151062,0.5105512476282285
所有者とパーミッション,19,0.6646373081430488,0.23574029250248904,1.0004772573521812,-0.21911399952949984,0.16134589291392543,-0.284309291741173,0.5293111696159554
所有者とパーミッション,20,0.6662822295738504,0.2364639193903758,0.9977054381072951,-0.22921628939937064,0.16298298491859217,-0.29738958885510614,0.5475239977670545
所有者とパーミッション,21,0.6679575566482601,0.237200270450782,0.9945386306932418,-0.23920978720253805,0.1645785586936907,-0.3103270825248136,0.5651987987557829
所有者とパーミッション,22,0.6696854602480776,0.23796019651995043,0.9909657864978091,-0.2489668723582219,0.1662417556070332,-0.32295498001286305,0.5824060714428415
所有者とパーミッション,23,0.6714199613783568,0.23872254246004151,0.9869932021570282,-0.2585369143024331,0.16724088612294247,-0.335338419534243,0.5991314937069421
所有者とパーミッション,24,0.6729199291914887,0.2393773673781226,0.9826226780158301,-0.2678453589271324,0.16866900367547738,-0.34738041936422653,0.6154462978074514
所有者とパーミッション,25,0.6743928281020555,0.24002527959944428,0.9778614553046994,-0.27685839415918156,0.1699393544602783,-0.35903672102819895,0.6313425680419646
所有者とパーミッション,26,0.6757016668320169,0.2406006750204214,0.9727112966837773,-0.2855621978280279,0.17156477115103647,-0.3702889173921382,0.6468768193734348
所有者とパーミッション,27,0.6768614144271813,0.2411149155958,0.9671949279048431,-0.2939767934292176,0.17307866421409707,-0.381163884586727,0.6620836683618003
所有者とパーミッション,28,0.6778072206260042,0.24153509136502893,0.9613191608312311,-0.3021349267013431,0.1746879623172353,-0.39170423891240813,0.6769386713723534
所有者とパーミッション,29,0.678537166287412,0.2418612621327836,0.9551018719574805,-0.30994253762959467,0.17629803344584227,-0.4017879049625182,0.6914573083893178
所有者とパーミッション,30,0.6790959016709981,0.2421175848165991,0.9485453175740276,-0.31746316008213754,0.17785472620303316,-0.41149718302232474,0.7056116784757509
